POA_CODE_2021,Intct_fam_no_otr_chld_pre_Fam,Step_fam_no_otr_chld_pre_Fam,Blnd_fam_no_otr_chld_pre_Fam,Intct_fam_othr_child_pres_Fam,Step_fam_othr_child_pres_Fam,Blnd_fam_othr_child_pres_Fam,Otr_cpl_fam_otr_chld_only_Fam,Tot_Families
POA2000,930,96,5,11,0,0,11,1059
POA2007,281,21,0,4,0,0,3,313
POA2008,257,23,6,0,0,0,0,289
POA2009,800,83,11,3,0,0,4,894
POA2010,838,84,11,3,0,0,0,935
POA2011,427,45,6,0,0,0,4,485
POA2015,788,62,10,7,0,0,3,869
POA2016,602,51,9,6,0,0,8,676
POA2017,1320,105,18,7,0,0,5,1450
POA2018,1918,119,28,5,0,0,13,2084
POA2019,1603,130,41,12,0,0,7,1801
POA2020,1784,123,30,16,4,0,14,1960
POA2021,1172,105,27,0,0,0,3,1302
POA2022,1172,87,18,4,3,0,0,1279
POA2023,1119,97,24,9,0,0,3,1247
POA2024,1236,86,18,6,0,0,3,1348
POA2025,627,59,6,0,0,0,0,694
POA2026,2752,200,54,8,0,0,0,3015
POA2027,512,51,9,3,0,0,0,571
POA2028,366,34,6,0,0,0,0,412
POA2029,987,80,18,3,0,0,0,1087
POA2030,1869,141,35,9,0,0,0,2062
POA2031,3325,211,62,5,0,0,9,3609
POA2032,1388,87,17,0,0,0,4,1493
POA2033,930,65,11,3,0,0,0,1021
POA2034,1870,140,38,9,0,0,3,2058
POA2035,3838,253,72,25,3,0,11,4197
POA2036,3792,276,89,20,6,0,14,4190
POA2037,1028,102,12,0,0,0,5,1152
POA2038,973,68,18,5,0,0,5,1066
POA2039,916,69,19,0,0,0,0,1003
POA2040,2609,196,55,13,0,0,4,2881
POA2041,1663,128,30,0,0,0,0,1826
POA2042,1172,106,22,0,0,0,0,1303
POA2043,650,57,11,4,0,0,0,719
POA2044,761,55,14,10,0,3,0,846
POA2045,914,45,5,3,0,0,0,967
POA2046,3345,200,53,10,0,0,3,3613
POA2047,1254,80,15,3,0,0,0,1352
POA2048,679,45,9,0,3,0,0,745
POA2049,1043,80,19,4,0,0,6,1151
POA2050,454,30,11,3,0,0,0,497
POA2060,1046,102,11,0,0,0,0,1163
POA2061,279,46,0,0,0,0,0,326
POA2062,747,66,11,4,0,0,0,832
POA2063,924,45,23,6,0,0,0,996
POA2064,1231,78,11,4,0,0,0,1324
POA2065,3039,238,43,10,0,0,9,3333
POA2066,4280,256,63,12,3,0,8,4622
POA2067,3148,202,41,22,6,0,3,3425
POA2068,2470,154,39,3,0,0,5,2671
POA2069,2143,130,35,3,0,0,11,2317
POA2070,2135,132,30,5,0,0,0,2308
POA2071,1902,160,27,16,0,0,4,2109
POA2072,1188,87,19,4,0,0,4,1310
POA2073,2667,166,26,14,0,0,0,2883
POA2074,3337,188,46,14,0,0,0,3589
POA2075,3219,196,52,19,0,6,12,3487
POA2076,3633,214,62,24,0,0,6,3949
POA2077,5673,340,71,45,0,0,10,6148
POA2079,1147,81,25,8,3,0,6,1273
POA2080,255,12,3,6,0,0,0,278
POA2081,805,49,24,5,0,0,0,888
POA2082,809,44,16,7,0,0,0,870
POA2083,156,21,3,0,0,0,0,188
POA2084,493,35,10,7,0,0,5,551
POA2085,1604,115,34,8,0,0,7,1770
POA2086,2210,138,44,9,0,0,6,2410
POA2087,1988,113,31,7,0,0,0,2146
POA2088,3082,247,42,8,0,0,0,3388
POA2089,882,63,17,0,0,0,4,970
POA2090,1252,97,21,3,0,0,0,1366
POA2092,1108,82,31,3,0,0,4,1229
POA2093,3198,228,60,9,6,0,3,3500
POA2094,699,71,13,0,0,0,4,783
POA2095,1385,121,20,4,0,0,5,1529
POA2096,1697,122,39,6,0,0,8,1862
POA2097,2083,149,44,9,5,0,7,2301
POA2099,4904,375,113,36,3,0,14,5443
POA2100,2985,209,68,27,0,0,11,3300
POA2101,2260,197,51,21,0,0,8,2541
POA2102,1085,90,28,7,0,0,0,1218
POA2103,1209,103,30,4,3,0,3,1360
POA2104,383,42,5,0,0,0,0,431
POA2105,217,30,6,0,0,0,0,256
POA2106,1113,115,24,0,0,0,4,1257
POA2107,1836,201,42,10,0,0,4,2099
POA2108,143,12,0,0,0,0,0,161
POA2110,1221,92,18,5,0,0,0,1334
POA2111,1824,125,19,7,0,0,3,1987
POA2112,4741,295,81,24,0,0,5,5135
POA2113,2951,172,56,11,0,0,4,3187
POA2114,2948,158,38,24,0,0,11,3171
POA2115,1615,123,44,14,0,3,5,1801
POA2116,922,53,23,11,0,0,0,1008
POA2117,2829,190,57,22,0,0,6,3111
POA2118,4145,237,65,44,3,0,3,4493
POA2119,1862,110,31,13,0,0,0,2025
POA2120,3041,161,54,21,0,0,9,3283
POA2121,4911,229,57,35,0,0,9,5240
POA2122,3747,189,51,33,0,3,13,4035
POA2125,2614,146,26,23,3,0,4,2813
POA2126,3106,155,43,17,0,0,0,3332
POA2127,2371,189,38,8,0,0,11,2618
POA2128,265,19,9,0,0,0,3,300
POA2130,667,42,14,3,0,0,0,724
POA2131,1973,114,21,15,0,0,0,2127
POA2132,1310,78,19,5,0,0,3,1414
POA2133,1409,87,17,4,0,0,5,1528
POA2134,1334,107,17,15,0,0,8,1483
POA2135,2602,128,29,23,0,0,7,2796
POA2136,999,53,23,8,0,0,0,1079
POA2137,3288,204,51,21,0,0,9,3572
POA2138,2072,159,29,12,4,0,3,2281
POA2140,2125,124,15,18,0,0,5,2290
POA2141,3415,194,61,53,3,0,13,3739
POA2142,2805,158,63,44,10,4,12,3086
POA2143,1174,56,22,23,0,0,5,1274
POA2144,3971,197,61,54,3,0,16,4300
POA2145,11905,591,198,110,9,0,20,12850
POA2146,2672,117,40,27,3,0,14,2875
POA2147,4521,305,132,61,5,5,18,5052
POA2148,7859,553,237,146,9,3,39,8849
POA2150,3733,199,35,24,0,0,7,4006
POA2151,2525,145,53,10,0,0,10,2748
POA2152,1349,82,28,6,0,0,6,1468
POA2153,9337,516,157,50,5,3,20,10088
POA2154,5922,358,87,46,3,0,7,6423
POA2155,12211,807,294,96,0,3,23,13435
POA2156,1832,117,42,8,4,0,6,2001
POA2157,521,35,15,8,0,0,0,573
POA2158,1201,73,22,17,0,0,3,1318
POA2159,632,55,13,5,0,0,0,701
POA2160,4427,228,93,53,0,0,8,4809
POA2161,3775,195,80,65,0,7,12,4136
POA2162,2261,141,70,46,0,0,6,2529
POA2163,945,64,25,19,0,0,3,1061
POA2164,2582,140,55,29,0,0,6,2820
POA2165,5222,259,120,100,9,4,24,5725
POA2166,5263,522,209,143,25,10,46,6214
POA2167,1444,82,30,21,0,0,9,1587
POA2168,5047,339,174,112,11,3,28,5718
POA2170,13579,903,376,172,17,8,43,15109
POA2171,5933,328,157,73,5,3,21,6516
POA2172,473,33,4,0,0,0,0,515
POA2173,2107,165,64,30,0,0,5,2373
POA2174,1870,116,39,33,3,0,0,2072
POA2175,228,10,0,0,0,0,0,246
POA2176,6626,298,115,118,9,0,30,7188
POA2177,2030,108,52,50,6,0,6,2255
POA2178,513,20,9,8,0,0,0,555
POA2179,2239,153,71,29,0,0,6,2497
POA2190,3437,177,87,44,3,0,15,3751
POA2191,817,48,13,3,4,0,5,897
POA2192,1404,97,26,17,0,0,0,1553
POA2193,1979,118,35,14,5,0,11,2169
POA2194,2335,183,42,26,7,0,8,2605
POA2195,3345,137,50,52,4,0,3,3594
POA2196,4067,223,87,59,9,3,11,4455
POA2197,1147,66,40,28,0,3,8,1284
POA2198,1190,52,31,13,0,0,7,1290
POA2199,2265,127,69,39,4,0,8,2511
POA2200,5303,369,159,112,3,3,26,5969
POA2203,1305,75,17,13,0,0,3,1414
POA2204,2300,147,37,24,0,0,9,2515
POA2205,2063,147,18,20,3,0,10,2272
POA2206,2588,131,53,25,0,0,3,2802
POA2207,3571,184,69,33,6,0,6,3864
POA2208,1643,72,28,16,0,0,3,1762
POA2209,1937,124,41,20,4,0,5,2130
POA2210,3870,256,106,42,4,0,8,4286
POA2211,2142,135,69,23,0,0,8,2379
POA2212,2074,138,67,39,5,0,11,2325
POA2213,3036,224,79,42,0,0,10,3390
POA2214,548,34,23,4,0,0,0,607
POA2216,2757,165,56,30,4,4,8,3025
POA2217,3193,206,54,33,0,0,8,3492
POA2218,1881,101,29,25,0,0,11,2047
POA2219,1505,120,28,12,0,0,3,1674
POA2220,3456,254,53,43,7,4,13,3829
POA2221,2332,136,34,18,3,0,3,2525
POA2222,1475,99,14,22,0,0,0,1617
POA2223,2758,146,58,13,5,0,3,2982
POA2224,1774,145,58,11,0,0,5,1988
POA2225,874,61,14,0,0,0,0,947
POA2226,1823,113,37,8,0,0,0,1983
POA2227,1993,192,60,7,0,0,6,2255
POA2228,2306,208,67,14,0,0,10,2612
POA2229,3751,333,117,16,0,0,5,4230
POA2230,3033,298,73,12,3,0,11,3433
POA2231,307,24,26,7,0,0,0,362
POA2232,4136,361,124,24,4,0,0,4641
POA2233,4080,309,134,20,7,0,7,4560
POA2234,4360,343,113,37,5,0,6,4868
POA2250,6907,753,335,62,10,7,37,8108
POA2251,3567,404,142,33,3,0,27,4177
POA2256,1220,143,54,8,3,0,12,1450
POA2257,2508,285,124,21,5,5,20,2965
POA2258,576,63,24,8,0,0,0,675
POA2259,5950,861,477,95,20,9,76,7488
POA2260,2881,309,122,17,5,0,12,3343
POA2261,4832,686,263,40,7,4,42,5887
POA2262,1612,285,168,34,11,0,16,2134
POA2263,1630,279,132,16,10,4,18,2086
POA2264,1224,203,80,15,4,4,16,1543
POA2265,747,98,47,9,3,0,8,908
POA2267,199,41,9,3,6,0,5,260
POA2278,298,35,20,5,0,0,4,367
POA2280,2662,336,125,26,4,0,21,3175
POA2281,1347,199,46,18,0,0,9,1621
POA2282,1701,208,66,19,0,0,13,2004
POA2283,1953,304,116,21,6,3,31,2435
POA2284,1103,171,63,6,9,0,11,1371
POA2285,3594,481,229,40,4,9,25,4372
POA2286,439,88,38,6,3,0,6,574
POA2287,4098,543,213,46,11,0,32,4940
POA2289,2331,211,66,8,0,0,9,2622
POA2290,3516,402,164,33,9,0,22,4144
POA2291,1500,137,29,7,0,0,7,1680
POA2292,195,36,9,0,0,0,0,240
POA2293,214,30,4,0,0,0,0,250
POA2294,136,29,8,0,0,0,0,168
POA2295,699,109,38,7,3,0,0,862
POA2296,130,26,0,3,0,0,0,164
POA2297,155,19,4,0,0,0,0,175
POA2298,702,74,37,3,0,0,0,821
POA2299,975,107,40,13,0,0,3,1141
POA2300,649,79,15,6,0,0,0,753
POA2302,50,11,0,0,0,0,0,68
POA2303,824,72,21,4,0,0,0,917
POA2304,1203,141,50,17,0,0,10,1418
POA2305,1442,134,40,6,0,0,3,1632
POA2306,144,16,18,7,4,0,7,193
POA2307,298,47,18,5,0,0,0,373
POA2308,0,0,0,0,0,0,0,0
POA2311,75,15,10,4,0,0,0,96
POA2312,121,11,13,3,0,0,4,153
POA2315,1040,169,60,15,4,0,11,1296
POA2316,527,76,34,9,0,0,8,651
POA2317,451,60,17,3,0,0,0,536
POA2318,1415,205,93,16,6,5,14,1758
POA2319,442,80,45,8,7,0,16,596
POA2320,3874,589,276,39,8,4,41,4830
POA2321,2074,340,168,21,7,0,27,2648
POA2322,2464,402,184,25,6,7,16,3104
POA2323,2317,386,125,26,4,0,15,2879
POA2324,1721,313,162,31,6,3,32,2269
POA2325,2303,366,173,47,5,7,35,2952
POA2326,676,115,49,13,3,0,11,872
POA2327,562,101,60,14,6,6,10,752
POA2328,201,46,25,0,4,0,5,274
POA2329,172,4,12,3,3,0,5,203
POA2330,2104,331,146,27,10,0,16,2639
POA2331,0,0,0,0,0,0,0,0
POA2333,1106,199,104,19,3,0,16,1454
POA2334,345,54,33,11,0,0,4,451
POA2335,884,148,56,17,0,0,7,1116
POA2336,222,38,12,5,0,0,3,283
POA2337,726,102,46,9,5,0,10,891
POA2338,105,9,3,0,0,0,0,118
POA2339,62,8,4,0,0,0,0,71
POA2340,4272,627,319,40,7,4,54,5319
POA2341,93,14,8,0,0,0,3,114
POA2342,56,9,0,0,0,0,0,63
POA2343,351,42,28,6,0,0,11,432
POA2344,63,6,4,0,0,0,0,74
POA2345,67,5,4,0,0,0,0,82
POA2346,212,18,12,5,0,0,3,251
POA2347,119,8,5,0,0,0,0,138
POA2350,2001,230,111,25,4,3,21,2399
POA2352,265,41,19,4,0,0,8,339
POA2353,91,14,0,0,0,0,0,111
POA2354,264,34,14,0,0,0,3,318
POA2355,44,3,0,0,0,0,0,49
POA2356,7,0,0,0,0,0,0,13
POA2357,250,26,10,5,0,0,5,296
POA2358,286,25,18,5,0,0,6,339
POA2359,47,8,5,4,0,0,0,62
POA2360,1059,152,85,20,4,0,19,1341
POA2361,56,3,7,0,0,0,3,71
POA2365,280,31,12,5,0,0,0,333
POA2369,39,7,9,0,0,0,8,62
POA2370,484,68,31,9,4,0,4,598
POA2371,56,10,5,0,0,0,0,75
POA2372,283,32,16,0,0,0,7,332
POA2379,33,5,0,0,0,0,0,42
POA2380,941,139,70,13,0,3,10,1177
POA2381,106,16,5,0,0,0,0,129
POA2382,106,11,9,0,0,0,0,127
POA2386,24,3,0,0,0,0,0,26
POA2387,15,0,0,0,0,0,0,15
POA2388,193,19,10,0,0,0,6,239
POA2390,717,70,40,7,0,0,17,853
POA2395,41,8,3,0,0,0,0,50
POA2396,55,5,6,0,0,0,0,66
POA2397,25,0,4,0,0,0,0,32
POA2398,16,4,0,0,0,0,0,20
POA2399,37,3,4,0,0,0,0,47
POA2400,700,84,39,7,0,0,8,835
POA2401,36,0,0,0,0,0,0,36
POA2402,113,18,13,8,0,0,0,144
POA2403,53,5,7,0,0,0,0,66
POA2404,89,13,3,0,0,0,4,108
POA2405,35,6,0,0,0,0,0,41
POA2406,47,0,0,0,0,0,0,49
POA2408,31,0,0,0,0,0,0,37
POA2409,52,6,4,0,0,0,0,66
POA2410,18,3,0,0,0,0,0,20
POA2411,12,0,0,0,0,0,0,19
POA2415,36,4,4,0,0,0,0,47
POA2420,319,40,14,4,0,0,10,385
POA2421,237,26,11,0,0,0,3,278
POA2422,357,55,25,0,0,0,11,445
POA2423,189,32,11,7,0,0,8,242
POA2424,34,4,0,0,0,0,0,41
POA2425,187,25,11,0,0,0,0,217
POA2426,61,12,6,0,0,0,0,79
POA2427,144,21,7,6,0,0,4,181
POA2428,1397,219,73,18,0,0,23,1735
POA2429,699,107,42,9,5,0,16,875
POA2430,2398,359,181,64,9,0,40,3056
POA2431,342,26,19,6,0,0,8,399
POA2439,307,48,19,0,0,0,3,380
POA2440,1440,239,113,35,0,7,29,1861
POA2441,343,40,22,12,0,6,4,416
POA2443,445,71,22,4,0,0,9,548
POA2444,3897,550,199,39,6,4,36,4734
POA2445,621,90,25,4,0,0,3,746
POA2446,1256,199,85,23,6,0,17,1579
POA2447,584,84,34,8,4,0,4,719
POA2448,552,73,36,4,0,0,10,681
POA2449,127,14,14,0,0,0,8,164
POA2450,3766,527,214,46,9,4,41,4608
POA2452,1153,166,69,15,11,3,13,1428
POA2453,192,18,8,4,0,0,0,221
POA2454,625,93,47,5,0,0,3,778
POA2455,193,17,13,5,0,0,3,229
POA2456,1456,199,67,20,4,6,15,1760
POA2460,2037,348,173,41,4,3,34,2644
POA2462,153,29,12,0,0,0,3,202
POA2463,593,96,52,10,0,0,8,768
POA2464,435,59,21,6,0,0,3,533
POA2465,27,6,0,0,0,0,0,32
POA2466,64,16,3,0,0,0,0,88
POA2469,229,35,17,0,0,0,10,294
POA2470,1098,149,101,23,7,0,17,1405
POA2471,207,36,12,3,3,0,9,265
POA2472,158,26,3,5,0,0,5,194
POA2473,183,37,16,0,0,0,4,242
POA2474,421,53,37,3,0,0,0,515
POA2475,24,0,0,0,0,0,0,33
POA2476,40,9,3,0,0,0,0,57
POA2477,1125,147,44,15,0,0,8,1350
POA2478,2591,316,112,28,4,0,26,3068
POA2479,580,59,19,5,0,0,3,667
POA2480,3507,461,190,43,10,11,38,4261
POA2481,946,115,31,4,0,0,5,1106
POA2482,528,74,23,13,0,0,5,634
POA2483,896,112,41,10,6,0,3,1069
POA2484,1547,230,83,22,4,3,13,1918
POA2485,884,144,43,13,5,0,9,1098
POA2486,2665,362,145,30,7,3,17,3222
POA2487,1405,164,62,16,0,0,10,1654
POA2488,335,44,9,5,0,0,0,397
POA2489,761,106,35,7,0,0,5,917
POA2490,69,11,4,0,0,0,0,81
POA2500,3166,286,77,18,4,3,12,3564
POA2502,1103,110,54,19,0,0,11,1303
POA2505,451,42,10,6,0,0,5,514
POA2506,660,77,37,13,3,4,8,799
POA2508,1295,113,38,18,0,0,5,1461
POA2515,1475,115,22,9,0,0,6,1627
POA2516,918,69,19,6,0,0,3,1018
POA2517,1536,166,54,9,0,0,4,1768
POA2518,1840,185,65,16,4,0,10,2123
POA2519,1745,166,46,7,0,0,12,1975
POA2525,1568,135,53,8,0,0,5,1774
POA2526,1986,174,86,7,0,0,10,2270
POA2527,2756,396,215,41,3,0,24,3439
POA2528,1770,280,126,16,7,3,25,2224
POA2529,3165,446,155,31,0,0,26,3830
POA2530,3535,483,248,48,10,4,34,4360
POA2533,1697,185,69,15,0,0,10,1972
POA2534,558,72,17,3,0,0,4,656
POA2535,612,67,12,5,0,0,4,707
POA2536,1150,174,70,21,5,0,29,1442
POA2537,844,135,54,7,3,0,12,1054
POA2538,215,16,10,6,0,0,3,242
POA2539,1445,178,70,15,0,0,19,1728
POA2540,3523,533,215,52,11,6,58,4396
POA2541,2044,287,151,22,4,4,34,2549
POA2545,66,13,0,0,0,0,0,86
POA2546,550,81,34,3,6,0,7,678
POA2548,522,108,19,0,0,0,3,658
POA2549,337,49,21,0,3,0,6,411
POA2550,1294,153,85,20,0,0,22,1574
POA2551,190,45,19,4,0,0,3,272
POA2555,14,6,0,0,0,0,0,18
POA2556,272,25,6,5,0,0,0,311
POA2557,2825,218,112,25,3,0,10,3200
POA2558,1275,130,53,19,3,0,7,1490
POA2559,263,17,19,8,4,0,0,311
POA2560,8335,833,463,159,34,12,83,9920
POA2563,22,5,0,0,0,0,0,30
POA2564,1605,107,55,34,0,0,14,1816
POA2565,4277,301,121,75,6,0,12,4793
POA2566,3442,272,118,77,3,3,15,3937
POA2567,5479,563,284,59,8,6,30,6420
POA2568,131,10,3,5,0,0,0,142
POA2569,173,11,3,0,0,0,0,195
POA2570,8118,794,413,73,8,4,41,9455
POA2571,1644,166,80,19,4,3,7,1920
POA2572,543,59,40,3,0,0,4,654
POA2573,559,80,57,9,0,0,4,706
POA2574,631,65,38,13,0,0,7,760
POA2575,1843,193,81,14,4,4,18,2155
POA2576,1158,124,38,11,0,0,5,1331
POA2577,1478,181,78,10,5,0,9,1757
POA2578,200,12,4,3,0,0,0,218
POA2579,395,67,23,7,0,0,6,503
POA2580,2478,339,197,44,3,0,29,3093
POA2581,276,32,11,0,0,0,0,322
POA2582,1463,193,75,21,0,0,12,1758
POA2583,368,40,29,6,0,0,0,439
POA2584,47,4,4,0,0,0,0,57
POA2585,18,0,5,0,0,0,0,25
POA2586,197,24,18,0,0,0,5,253
POA2587,232,18,16,4,0,0,0,271
POA2588,24,3,0,0,0,0,0,31
POA2590,474,72,18,9,0,0,15,595
POA2594,982,110,87,7,0,0,11,1204
POA2619,1424,127,52,11,0,0,6,1619
POA2620,4731,475,242,44,12,0,25,5527
POA2621,820,106,42,9,3,0,5,988
POA2622,305,37,21,4,3,0,0,365
POA2623,43,8,4,0,0,0,0,60
POA2624,4,0,0,0,0,0,0,4
POA2625,16,0,0,0,0,0,0,16
POA2626,40,8,5,0,0,0,0,51
POA2627,455,43,19,0,0,0,0,511
POA2628,213,26,8,0,0,0,0,253
POA2629,26,3,3,0,0,0,0,30
POA2630,698,99,43,4,0,0,0,844
POA2631,42,7,3,0,0,0,0,56
POA2632,126,21,11,0,0,0,6,162
POA2633,13,3,0,0,0,0,0,23
POA2640,3561,449,172,14,7,0,22,4221
POA2641,1163,183,100,11,4,0,19,1485
POA2642,565,54,24,4,0,0,7,658
POA2643,234,33,15,0,0,0,5,288
POA2644,191,25,7,0,0,0,0,220
POA2645,27,0,0,0,0,0,0,28
POA2646,486,62,31,8,3,4,3,590
POA2647,170,20,18,6,0,0,0,214
POA2648,159,29,12,0,6,0,0,207
POA2649,3,0,0,0,0,0,0,3
POA2650,5619,679,303,40,13,3,48,6707
POA2651,260,35,29,0,0,0,3,328
POA2652,476,42,24,5,0,0,4,549
POA2653,166,30,14,5,0,0,5,218
POA2655,121,18,14,0,0,0,4,156
POA2656,105,13,8,0,0,0,0,123
POA2658,109,12,4,4,0,0,4,131
POA2659,66,4,0,0,0,0,0,72
POA2660,136,20,6,3,0,0,3,170
POA2661,22,3,4,0,0,0,0,28
POA2663,365,40,27,5,0,0,3,440
POA2665,178,12,16,0,0,0,3,204
POA2666,456,33,23,8,0,0,4,532
POA2668,32,0,0,0,0,0,0,37
POA2669,139,13,6,0,0,0,3,157
POA2671,327,43,19,0,0,0,6,397
POA2672,114,7,3,3,0,0,4,134
POA2675,123,14,10,0,0,0,0,138
POA2678,0,0,0,0,0,0,0,0
POA2680,2538,227,94,36,0,3,23,2920
POA2681,196,19,10,5,0,0,3,236
POA2700,328,45,19,4,0,0,6,418
POA2701,218,24,11,4,0,0,3,264
POA2702,60,7,6,0,0,0,0,82
POA2703,41,8,0,0,0,0,0,57
POA2705,866,119,58,12,0,0,10,1067
POA2706,78,5,7,0,0,0,0,89
POA2707,115,8,3,0,0,0,0,129
POA2710,703,87,47,13,0,0,9,866
POA2711,212,44,16,4,0,0,9,281
POA2712,114,9,0,0,0,0,4,126
POA2713,190,14,13,0,0,0,5,226
POA2714,170,18,15,0,0,0,0,215
POA2715,108,9,7,0,0,0,0,119
POA2716,63,8,0,0,0,0,5,77
POA2717,80,11,3,0,0,0,0,102
POA2720,698,108,45,10,0,0,17,870
POA2721,21,0,3,0,0,0,0,23
POA2722,277,22,21,4,0,0,5,331
POA2725,24,6,5,0,0,0,0,32
POA2726,20,0,0,0,0,0,0,23
POA2727,34,0,4,0,0,0,0,35
POA2729,161,23,8,0,0,0,3,190
POA2730,84,10,11,0,0,0,0,105
POA2731,651,85,28,6,0,0,7,778
POA2732,120,15,6,0,0,0,0,144
POA2733,40,5,0,0,0,0,0,46
POA2734,52,9,3,0,0,0,0,56
POA2735,37,3,8,3,0,0,5,48
POA2736,34,0,0,0,0,0,0,36
POA2737,71,0,5,0,0,0,0,80
POA2738,249,36,19,0,0,0,0,307
POA2739,117,20,3,3,0,0,5,143
POA2745,4262,429,227,57,5,0,13,5001
POA2747,6074,648,336,88,13,6,36,7203
POA2748,213,28,6,5,0,0,0,252
POA2749,1955,195,125,32,5,9,12,2330
POA2750,4338,573,261,50,12,8,31,5271
POA2752,771,58,37,5,0,0,8,877
POA2753,1729,209,101,22,3,3,19,2080
POA2754,688,88,49,6,0,0,8,839
POA2756,3985,432,218,48,10,5,27,4720
POA2757,96,9,3,0,0,0,0,113
POA2758,1130,119,33,9,0,0,7,1304
POA2759,3242,301,162,37,14,5,25,3789
POA2760,3683,389,211,59,8,0,25,4375
POA2761,4805,353,175,100,10,4,21,5473
POA2762,3457,226,101,29,5,4,7,3822
POA2763,4948,318,117,72,0,3,16,5484
POA2765,6754,476,184,96,10,0,14,7544
POA2766,2125,149,57,42,8,0,5,2385
POA2767,3018,223,93,57,9,0,17,3418
POA2768,4600,262,83,62,6,3,7,5029
POA2769,2915,162,59,34,4,0,3,3180
POA2770,5640,478,320,172,18,11,66,6703
POA2773,796,60,19,3,0,0,0,878
POA2774,1553,148,66,13,0,0,3,1784
POA2775,100,21,9,0,0,0,0,129
POA2776,486,47,22,0,0,0,0,568
POA2777,1988,195,96,18,6,0,16,2320
POA2778,268,30,11,0,0,0,0,304
POA2779,538,48,33,8,3,0,10,633
POA2780,879,132,44,7,0,0,9,1070
POA2782,572,59,16,3,0,0,3,669
POA2783,260,33,12,3,0,0,6,305
POA2784,139,12,8,0,0,0,0,161
POA2785,339,47,7,0,0,0,3,399
POA2786,76,11,0,0,0,0,0,94
POA2787,305,33,22,3,0,0,10,384
POA2790,1083,161,72,12,11,4,17,1362
POA2791,22,4,0,0,0,0,0,28
POA2792,27,6,0,0,0,0,0,35
POA2793,70,6,3,0,0,0,3,81
POA2794,774,88,55,11,6,0,7,939
POA2795,3725,554,252,48,11,3,40,4629
POA2797,36,10,0,0,0,0,0,47
POA2798,229,39,10,0,3,0,0,277
POA2799,369,48,33,3,0,0,10,463
POA2800,4413,578,274,35,9,5,35,5352
POA2803,19,0,4,0,0,0,0,25
POA2804,213,23,19,0,0,0,0,259
POA2805,31,9,0,0,0,0,0,44
POA2806,55,10,3,0,0,0,0,73
POA2807,16,7,4,0,0,0,0,29
POA2808,8,4,0,0,0,0,0,13
POA2809,17,0,0,0,0,0,0,13
POA2810,219,30,15,0,0,0,0,274
POA2817,31,3,0,0,0,0,4,34
POA2818,71,12,4,0,0,0,0,82
POA2820,394,60,34,7,0,0,8,510
POA2821,371,47,17,4,0,0,4,453
POA2822,37,9,0,0,0,0,0,46
POA2823,104,9,3,0,0,0,0,119
POA2824,146,9,7,0,0,0,0,173
POA2825,189,25,10,0,0,0,0,232
POA2826,23,0,3,0,0,0,0,24
POA2827,239,38,11,4,0,0,4,298
POA2828,58,4,3,0,0,0,0,62
POA2829,178,13,11,9,0,0,4,216
POA2830,3784,596,239,58,10,7,45,4734
POA2831,169,17,15,3,0,0,0,203
POA2832,96,9,4,3,0,0,0,114
POA2833,30,4,3,0,0,0,0,39
POA2834,76,21,6,0,0,0,4,106
POA2835,270,51,22,0,0,0,7,349
POA2836,34,6,5,0,0,0,0,46
POA2838,10,4,0,0,0,0,0,17
POA2839,36,6,3,5,0,0,4,59
POA2840,182,22,3,9,0,0,7,221
POA2842,61,0,5,0,0,0,0,71
POA2843,93,11,0,0,0,0,3,110
POA2844,94,11,5,3,0,0,0,111
POA2845,173,31,20,4,0,0,10,229
POA2846,7,9,0,0,0,0,0,20
POA2847,177,26,12,0,0,0,4,226
POA2848,72,9,0,0,0,0,0,90
POA2849,121,16,5,0,0,0,0,144
POA2850,1705,222,100,23,4,0,24,2082
POA2852,296,48,34,8,0,0,7,389
POA2864,76,4,0,0,0,0,0,82
POA2865,80,10,11,0,0,0,0,106
POA2866,284,41,27,3,0,0,0,357
POA2867,65,5,3,0,0,0,0,77
POA2868,51,4,0,0,0,0,0,60
POA2869,85,12,3,3,0,0,3,115
POA2870,959,156,67,13,4,0,11,1215
POA2871,681,79,42,9,0,0,5,818
POA2873,46,5,8,0,0,0,0,60
POA2874,26,7,0,0,0,0,0,31
POA2875,58,12,0,0,0,0,3,74
POA2876,46,6,0,0,0,0,0,53
POA2877,293,26,12,4,0,0,4,339
POA2878,21,0,0,0,0,0,0,24
POA2879,22,3,0,3,0,0,0,28
POA2880,1103,226,101,21,0,0,13,1474
POA2898,35,4,0,0,0,0,0,37
POA3000,923,59,10,0,0,0,3,993
POA3002,214,18,0,0,0,0,0,232
POA3003,395,25,9,0,0,0,0,433
POA3004,537,31,0,0,0,0,0,572
POA3006,894,54,8,0,0,0,5,962
POA3008,864,57,11,3,0,0,0,939
POA3011,1668,89,24,10,5,0,7,1800
POA3012,2772,147,53,22,0,0,5,3002
POA3013,1898,95,17,5,0,0,4,2016
POA3015,2470,132,40,4,0,0,0,2649
POA3016,2023,120,32,4,0,0,8,2188
POA3018,1466,98,35,8,0,0,0,1613
POA3019,824,81,18,26,3,0,3,960
POA3020,4281,280,148,91,6,3,18,4822
POA3021,5196,371,178,136,18,9,39,5942
POA3022,278,14,7,6,0,0,3,307
POA3023,8814,475,271,134,5,0,33,9738
POA3024,4589,277,174,77,13,3,16,5153
POA3025,1398,68,39,14,0,0,0,1527
POA3026,1304,62,33,27,0,0,0,1422
POA3027,1386,53,22,21,5,0,3,1484
POA3028,3150,176,90,17,3,0,13,3458
POA3029,18295,786,454,303,23,11,65,19923
POA3030,16068,1029,511,148,20,4,48,17828
POA3031,1392,52,14,5,0,0,3,1474
POA3032,3150,157,43,18,0,0,8,3387
POA3033,1931,104,30,8,0,0,4,2071
POA3034,1473,51,32,9,0,0,5,1577
POA3036,807,32,14,6,5,0,0,852
POA3037,7341,406,185,73,6,9,20,8040
POA3038,3606,177,72,29,4,0,4,3899
POA3039,1655,84,20,5,0,0,0,1767
POA3040,3296,146,47,10,0,0,4,3497
POA3041,1769,72,34,10,0,0,3,1890
POA3042,1972,125,44,11,0,0,7,2153
POA3043,2006,109,51,12,0,0,10,2188
POA3044,3567,161,50,13,3,0,0,3790
POA3045,0,0,0,0,0,0,0,0
POA3046,3887,160,58,41,4,0,13,4155
POA3047,2148,90,60,39,5,0,11,2349
POA3048,2099,97,39,36,9,0,5,2281
POA3049,1150,71,31,14,0,0,0,1278
POA3051,863,49,11,9,0,0,4,935
POA3052,291,11,10,0,0,0,0,307
POA3053,440,25,16,4,0,0,0,481
POA3054,581,40,12,0,0,0,0,632
POA3055,1290,45,22,9,0,0,0,1367
POA3056,1739,83,25,6,0,0,4,1860
POA3057,848,34,10,5,0,0,0,897
POA3058,3835,161,58,21,0,0,11,4090
POA3059,3324,145,60,21,0,0,0,3552
POA3060,1666,46,30,15,0,0,0,1756
POA3061,556,23,16,5,0,0,3,605
POA3062,0,0,0,0,0,0,0,0
POA3063,71,8,3,0,0,0,0,80
POA3064,16898,700,346,204,14,13,34,18193
POA3065,492,41,14,3,0,0,0,548
POA3066,360,27,14,4,0,0,0,406
POA3067,508,42,6,0,3,0,5,555
POA3068,1655,76,32,3,0,0,0,1764
POA3070,2614,96,38,7,0,0,3,2762
POA3071,1946,77,28,8,0,0,0,2058
POA3072,3405,156,55,17,0,0,14,3648
POA3073,5084,266,107,40,3,0,18,5511
POA3074,2143,109,44,35,3,0,12,2349
POA3075,2675,110,63,32,0,0,8,2890
POA3076,4224,216,113,56,0,0,15,4625
POA3078,1309,69,12,9,0,0,3,1398
POA3079,2107,80,26,9,0,0,0,2221
POA3081,1264,64,27,6,0,0,4,1372
POA3082,3726,169,83,35,5,0,12,4028
POA3083,3424,173,59,26,0,0,0,3687
POA3084,3509,145,52,6,0,0,5,3715
POA3085,1831,88,39,6,0,0,4,1959
POA3087,1107,62,34,0,0,0,0,1203
POA3088,3532,193,73,15,0,0,10,3832
POA3089,1779,139,53,5,0,0,0,1983
POA3090,409,22,11,0,0,0,0,436
POA3091,239,10,3,0,0,0,0,257
POA3093,458,22,10,3,0,0,0,496
POA3094,1162,66,14,6,0,6,4,1255
POA3095,4075,232,79,14,0,0,7,4410
POA3096,252,20,6,8,0,0,0,289
POA3097,187,10,0,0,0,0,0,201
POA3099,632,50,26,7,0,0,7,718
POA3101,2779,123,41,12,0,0,3,2950
POA3102,914,29,17,0,0,0,0,956
POA3103,2004,84,24,7,0,0,6,2129
POA3104,3215,119,44,19,0,0,6,3396
POA3105,1408,55,21,0,0,0,6,1486
POA3106,2294,107,43,18,0,0,6,2464
POA3107,1848,104,33,10,0,0,4,1997
POA3108,2763,117,44,18,3,0,10,2954
POA3109,4316,160,58,29,3,0,4,4569
POA3111,1699,82,16,15,0,0,6,1818
POA3113,1248,84,29,10,0,0,3,1376
POA3114,594,19,9,3,0,0,0,638
POA3115,547,31,11,6,0,0,0,602
POA3116,1479,109,64,11,0,0,4,1672
POA3121,1969,114,22,7,0,0,3,2128
POA3122,1922,94,21,9,0,0,3,2045
POA3123,1522,55,30,3,0,0,6,1617
POA3124,2729,116,33,12,3,0,4,2900
POA3125,1439,58,18,6,0,0,0,1531
POA3126,1013,43,10,3,0,0,0,1070
POA3127,2434,110,32,10,0,0,5,2587
POA3128,2071,105,26,10,0,0,4,2224
POA3129,2252,102,38,12,0,0,11,2416
POA3130,4326,160,61,13,3,0,5,4567
POA3131,2843,109,28,16,0,0,4,3009
POA3132,2136,97,31,14,0,0,0,2290
POA3133,3135,141,49,17,4,0,9,3347
POA3134,4249,244,98,24,3,0,13,4628
POA3135,2658,127,48,14,3,0,4,2856
POA3136,5325,368,158,38,0,0,12,5903
POA3137,1631,123,72,8,0,0,8,1845
POA3138,2745,246,109,34,5,0,11,3149
POA3139,1675,158,89,12,0,4,11,1942
POA3140,1934,177,71,15,0,0,0,2198
POA3141,1077,82,9,4,0,0,3,1175
POA3142,1061,54,19,3,0,0,0,1140
POA3143,753,40,10,0,0,0,0,804
POA3144,1172,68,21,0,0,0,0,1258
POA3145,2833,103,20,5,0,0,4,2967
POA3146,3468,111,52,7,0,0,4,3636
POA3147,1982,82,37,6,0,0,3,2110
POA3148,1033,56,16,9,0,0,0,1110
POA3149,4859,183,67,23,0,0,9,5139
POA3150,8503,293,101,70,0,0,11,8990
POA3151,1270,63,16,8,0,0,0,1355
POA3152,4678,268,89,34,4,0,7,5078
POA3153,2267,161,71,17,0,0,4,2524
POA3154,545,33,22,3,0,0,6,610
POA3155,2392,208,82,29,3,0,10,2720
POA3156,4782,309,156,34,7,3,13,5306
POA3158,897,63,29,3,0,0,0,986
POA3159,341,28,8,3,0,0,0,385
POA3160,1120,74,45,7,0,0,5,1255
POA3161,1704,78,19,0,0,0,0,1805
POA3162,2216,106,25,7,0,0,0,2352
POA3163,3482,126,36,13,0,0,8,3667
POA3165,4271,199,79,16,0,0,7,4575
POA3166,2873,133,30,18,0,0,3,3059
POA3167,1295,60,16,9,0,0,3,1390
POA3168,1336,60,15,13,0,0,6,1426
POA3169,2329,100,53,38,3,4,11,2529
POA3170,2591,110,50,34,0,0,9,2796
POA3171,2169,133,66,60,5,0,13,2441
POA3172,2780,201,90,46,0,3,10,3137
POA3173,4138,194,110,83,3,12,16,4559
POA3174,3945,277,131,77,7,10,24,4473
POA3175,5560,284,106,81,3,5,17,6059
POA3177,1117,71,48,13,0,0,10,1251
POA3178,4838,289,118,36,0,0,8,5286
POA3179,825,51,15,3,0,0,3,896
POA3180,957,59,22,0,0,0,0,1042
POA3181,1070,65,19,0,0,0,0,1150
POA3182,1029,91,25,5,0,0,3,1151
POA3183,1423,63,18,0,0,0,0,1508
POA3184,1168,94,28,6,0,0,0,1294
POA3185,1403,58,18,0,5,0,0,1485
POA3186,2699,157,49,16,0,0,0,2912
POA3187,2227,115,46,3,0,0,6,2392
POA3188,2403,137,27,7,0,0,5,2574
POA3189,773,45,21,0,0,0,5,844
POA3190,1435,91,30,6,0,0,6,1560
POA3191,1275,58,16,0,0,0,3,1363
POA3192,2924,145,53,11,0,0,8,3140
POA3193,2689,126,55,8,0,0,8,2880
POA3194,1444,77,31,6,0,0,0,1555
POA3195,5003,289,124,19,0,0,7,5444
POA3196,2933,224,72,10,0,0,11,3239
POA3197,1287,142,40,4,5,0,3,1478
POA3198,1568,163,58,21,9,0,11,1825
POA3199,5110,520,255,32,10,0,19,5945
POA3200,312,57,33,8,0,0,3,416
POA3201,2215,235,125,20,10,0,6,2617
POA3202,382,27,14,3,0,0,0,426
POA3204,4379,195,73,14,0,0,3,4673
POA3205,777,48,13,0,0,0,0,841
POA3206,1114,67,25,3,0,0,0,1215
POA3207,1452,144,29,7,0,0,4,1640
POA3211,164,12,0,7,0,0,0,177
POA3212,2092,169,117,16,5,3,13,2419
POA3213,597,53,23,9,4,0,5,684
POA3214,1635,179,105,25,5,0,16,1977
POA3215,2012,175,78,15,0,5,7,2292
POA3216,6234,445,227,29,3,0,19,6955
POA3217,2428,208,120,12,0,0,6,2776
POA3218,1603,94,34,7,0,0,0,1735
POA3219,1464,173,68,13,0,0,9,1727
POA3220,1705,104,31,10,0,0,0,1847
POA3221,104,4,4,0,0,0,0,115
POA3222,1745,192,101,22,0,0,12,2063
POA3223,595,57,17,0,0,0,7,680
POA3224,1476,164,78,18,3,0,11,1747
POA3225,414,23,10,0,0,0,0,445
POA3226,1939,137,43,8,0,0,5,2141
POA3227,598,32,10,4,0,0,0,642
POA3228,2956,183,85,7,0,0,0,3233
POA3230,277,12,0,0,0,0,0,293
POA3231,122,10,0,3,0,0,0,135
POA3232,85,4,0,0,0,0,0,93
POA3233,152,5,4,0,0,0,0,167
POA3234,20,0,0,0,0,0,0,16
POA3235,43,5,0,0,0,0,0,47
POA3236,10,6,0,0,0,0,0,17
POA3237,14,0,0,0,0,0,0,16
POA3238,20,0,0,0,0,0,0,17
POA3239,31,4,6,0,0,0,0,41
POA3240,306,20,6,0,0,0,0,339
POA3241,290,40,7,4,0,0,0,340
POA3242,98,4,3,0,0,0,0,109
POA3243,37,0,0,0,0,0,0,38
POA3249,333,21,15,4,0,0,7,385
POA3250,1066,92,38,11,0,0,5,1216
POA3251,51,3,3,0,0,0,0,62
POA3254,37,0,0,0,0,0,0,37
POA3260,401,36,27,0,0,0,0,463
POA3264,183,13,12,0,0,0,0,202
POA3265,299,27,16,7,0,0,4,345
POA3266,271,18,17,0,0,0,4,306
POA3267,21,5,0,0,0,0,0,23
POA3268,252,12,15,0,0,0,5,283
POA3269,67,4,7,0,0,0,0,77
POA3270,27,0,5,0,0,0,0,27
POA3271,11,0,0,0,0,0,0,16
POA3272,116,11,8,0,0,0,0,132
POA3273,15,0,0,0,0,0,0,15
POA3274,15,0,4,0,0,0,3,20
POA3275,62,3,4,0,0,0,0,68
POA3276,43,0,4,0,0,0,0,44
POA3277,184,11,11,0,0,0,0,213
POA3278,33,3,8,0,0,0,0,42
POA3279,38,0,0,0,0,0,0,41
POA3280,2942,276,122,18,8,0,17,3381
POA3281,227,14,14,3,0,0,0,272
POA3282,253,28,11,8,0,0,4,305
POA3283,152,9,4,0,0,0,3,173
POA3284,332,20,6,0,0,0,0,367
POA3285,138,3,9,0,0,0,3,150
POA3286,45,4,3,0,0,0,0,55
POA3287,47,5,3,4,0,0,0,55
POA3289,72,0,4,0,0,0,0,78
POA3292,9,0,0,0,0,0,0,9
POA3293,28,3,0,0,0,0,0,32
POA3294,93,8,0,0,0,0,0,101
POA3300,887,61,38,7,0,0,12,1007
POA3301,152,3,5,0,0,0,0,162
POA3302,40,6,0,0,0,0,0,44
POA3303,26,3,0,0,0,0,0,35
POA3304,193,17,20,5,0,0,6,242
POA3305,1072,119,56,8,4,0,8,1260
POA3309,8,0,0,0,0,0,0,11
POA3310,16,0,3,0,0,0,0,18
POA3311,100,5,6,0,0,0,0,116
POA3312,90,4,0,0,0,0,0,99
POA3314,49,0,4,0,0,0,0,54
POA3315,130,11,3,0,0,0,0,146
POA3317,16,0,0,0,0,0,0,17
POA3318,81,5,3,0,0,0,0,92
POA3319,30,3,0,0,0,0,0,37
POA3321,252,19,4,0,0,0,0,279
POA3322,14,0,0,0,0,0,0,14
POA3323,11,0,0,0,0,0,0,4
POA3324,51,3,0,0,0,0,0,57
POA3325,35,0,0,0,0,0,0,44
POA3328,315,29,22,3,0,0,0,368
POA3329,38,5,5,0,0,0,0,42
POA3330,25,0,0,0,0,0,0,20
POA3331,954,73,39,6,0,0,8,1079
POA3332,141,6,9,4,0,0,0,159
POA3333,82,7,8,0,3,0,0,105
POA3334,37,9,0,0,0,0,3,54
POA3335,777,48,28,9,0,0,4,867
POA3336,2847,146,89,47,8,3,5,3142
POA3337,4107,383,241,74,14,3,28,4860
POA3338,4352,318,221,68,5,0,23,4987
POA3340,2783,261,159,21,3,3,14,3245
POA3341,202,14,10,0,0,0,0,234
POA3342,393,38,21,4,0,0,0,460
POA3345,147,16,4,0,0,0,0,168
POA3350,6003,546,261,48,5,0,31,6894
POA3351,1017,76,66,12,4,0,9,1172
POA3352,2146,142,108,25,5,0,12,2446
POA3355,808,90,68,8,5,0,5,984
POA3356,1054,123,88,21,3,3,10,1300
POA3357,443,21,9,0,0,0,0,475
POA3358,387,42,33,9,0,0,0,471
POA3360,57,3,6,0,0,0,0,71
POA3361,48,5,6,0,0,0,0,54
POA3363,283,24,23,0,6,0,0,333
POA3364,214,16,11,0,0,0,5,241
POA3370,126,17,13,0,0,0,0,160
POA3371,53,11,4,0,0,0,0,77
POA3373,169,20,16,3,0,0,3,208
POA3374,34,12,0,0,0,0,0,43
POA3375,21,0,0,0,0,0,0,25
POA3377,637,76,42,10,0,0,4,769
POA3378,22,0,0,0,0,0,0,22
POA3379,69,0,0,0,0,0,0,72
POA3380,447,34,32,4,0,0,0,516
POA3381,107,9,0,0,0,0,4,119
POA3384,43,5,6,0,0,0,0,62
POA3385,45,6,4,0,0,0,0,50
POA3387,30,0,0,0,0,0,0,37
POA3388,44,0,4,0,0,0,0,50
POA3390,87,3,3,0,0,0,0,94
POA3391,14,0,5,0,0,0,0,19
POA3392,40,7,0,0,0,0,0,44
POA3393,177,9,13,0,0,0,4,199
POA3395,32,0,0,0,0,0,0,36
POA3396,46,0,0,0,0,0,0,51
POA3400,1223,135,91,15,0,3,12,1470
POA3401,548,31,16,3,0,0,0,605
POA3407,41,5,0,0,0,0,0,49
POA3409,84,8,3,0,0,0,0,97
POA3412,20,0,0,0,0,0,0,27
POA3413,17,0,0,0,0,0,0,21
POA3414,113,11,11,0,0,0,0,139
POA3415,6,0,0,0,0,0,0,9
POA3418,273,20,3,9,0,0,0,300
POA3419,79,4,0,0,0,0,0,85
POA3420,28,0,0,0,0,0,0,32
POA3423,26,6,0,0,0,0,0,31
POA3424,57,6,3,0,0,0,0,64
POA3427,670,41,28,11,0,0,0,753
POA3428,82,13,0,0,0,0,0,95
POA3429,4537,383,216,27,7,0,27,5195
POA3430,30,6,0,0,0,0,0,35
POA3431,566,29,19,0,0,0,3,626
POA3432,22,0,0,0,0,0,0,26
POA3433,30,0,0,0,0,0,0,28
POA3434,741,52,29,5,0,0,4,837
POA3435,358,31,9,0,6,0,3,406
POA3437,1560,92,37,3,0,0,0,1696
POA3438,334,14,11,0,0,0,0,362
POA3440,264,12,8,0,0,0,0,282
POA3441,177,11,5,5,0,0,0,188
POA3442,1002,65,28,8,0,0,0,1109
POA3444,972,65,37,9,3,0,0,1081
POA3446,123,3,3,0,0,0,4,134
POA3447,45,3,0,0,0,0,0,51
POA3448,87,7,7,0,0,0,0,102
POA3450,491,39,18,3,0,0,4,557
POA3451,534,41,21,7,0,0,0,607
POA3453,175,9,4,0,0,0,0,196
POA3458,167,15,7,5,0,0,0,190
POA3460,156,12,9,0,0,0,0,174
POA3461,369,29,15,3,0,0,3,418
POA3462,107,3,3,0,0,0,0,116
POA3463,189,23,5,0,0,0,0,215
POA3464,121,12,10,0,0,0,5,139
POA3465,638,72,49,8,3,0,5,766
POA3467,99,9,3,0,0,0,0,112
POA3468,20,0,0,0,0,0,0,26
POA3469,21,0,0,0,0,0,0,17
POA3472,75,16,8,0,0,0,4,99
POA3475,21,0,3,0,0,0,0,25
POA3477,79,0,4,0,0,0,0,80
POA3478,166,12,9,0,0,0,0,196
POA3480,149,12,4,0,0,0,0,163
POA3482,11,0,0,0,0,0,0,19
POA3483,86,5,4,0,0,0,0,96
POA3485,20,0,0,0,0,0,0,20
POA3487,9,0,0,0,0,0,0,9
POA3488,5,0,0,0,0,0,0,9
POA3489,3,0,0,0,0,0,0,3
POA3490,89,4,3,0,0,0,0,98
POA3491,14,0,0,0,0,0,0,19
POA3494,53,8,3,3,0,0,0,64
POA3496,554,67,49,12,0,4,9,690
POA3498,606,52,27,10,3,0,7,700
POA3500,2653,266,173,38,7,3,29,3173
POA3501,286,18,5,0,0,0,3,318
POA3505,468,39,20,3,0,0,0,541
POA3506,4,0,0,0,0,0,0,4
POA3507,7,0,0,0,0,0,0,10
POA3509,19,0,0,0,0,0,0,19
POA3512,32,0,4,0,0,0,0,35
POA3515,332,21,18,6,0,0,4,375
POA3516,74,4,0,4,0,0,0,86
POA3517,110,13,0,0,0,0,4,131
POA3518,78,10,6,0,0,0,0,95
POA3520,6,0,4,0,0,0,0,8
POA3521,79,5,6,3,0,0,4,96
POA3522,27,3,0,0,0,0,0,30
POA3523,221,28,14,0,0,0,0,275
POA3525,91,6,5,0,0,0,0,101
POA3527,56,0,3,0,0,0,0,57
POA3529,17,0,0,0,0,0,0,17
POA3530,8,0,0,0,0,0,0,8
POA3531,23,0,0,0,0,0,0,24
POA3533,52,8,6,0,0,0,0,63
POA3537,81,3,5,0,0,0,0,84
POA3540,8,0,0,0,0,0,0,15
POA3542,11,0,0,0,0,0,0,11
POA3544,24,3,0,0,0,0,0,23
POA3546,25,3,4,0,0,0,0,30
POA3549,302,28,5,7,5,0,4,356
POA3550,3180,290,141,34,0,3,16,3666
POA3551,4325,359,214,36,6,0,20,4962
POA3555,1608,174,100,13,3,0,15,1916
POA3556,1095,133,87,21,3,4,11,1348
POA3557,99,11,3,0,0,0,0,117
POA3558,72,0,3,0,0,0,0,77
POA3559,43,0,7,0,0,0,0,49
POA3561,351,30,27,0,0,0,4,413
POA3562,28,0,0,0,0,0,0,32
POA3563,65,7,4,0,0,0,0,80
POA3564,1401,155,81,22,3,0,10,1674
POA3565,17,0,0,0,0,0,0,19
POA3566,56,0,4,0,0,0,0,66
POA3567,63,5,3,0,0,0,0,69
POA3568,244,24,6,4,0,0,3,281
POA3570,70,11,4,0,0,0,0,83
POA3571,31,0,3,0,0,0,0,35
POA3572,16,0,0,0,0,0,0,16
POA3573,26,0,0,0,0,0,0,28
POA3575,70,9,4,0,0,0,0,83
POA3576,6,0,0,0,0,0,0,6
POA3579,405,34,27,4,0,0,3,475
POA3580,68,16,3,3,0,0,0,86
POA3581,17,0,0,0,0,0,0,17
POA3583,19,0,0,0,0,0,0,22
POA3584,102,8,4,0,0,0,0,118
POA3585,989,78,56,11,0,0,7,1135
POA3586,89,4,3,0,0,0,0,101
POA3588,44,0,0,0,0,0,0,43
POA3589,28,6,0,0,0,0,0,30
POA3590,36,3,3,0,0,0,0,45
POA3591,15,0,0,0,0,0,0,18
POA3594,33,6,0,0,0,0,0,40
POA3595,37,4,3,0,0,0,0,50
POA3596,9,0,0,0,0,0,0,9
POA3597,37,3,0,0,0,0,0,43
POA3599,10,0,0,0,0,0,0,15
POA3607,19,0,0,0,0,0,0,21
POA3608,204,23,7,0,0,0,0,237
POA3610,132,10,9,0,0,0,0,147
POA3612,105,13,9,0,0,0,6,129
POA3614,118,9,10,0,0,0,0,135
POA3616,520,44,20,3,0,0,3,596
POA3617,16,6,4,0,0,0,0,22
POA3618,50,4,4,0,0,0,0,65
POA3620,734,77,43,5,0,0,6,864
POA3621,221,19,16,0,0,0,0,256
POA3622,57,3,6,0,0,0,0,66
POA3623,55,4,3,5,0,0,0,68
POA3624,47,4,4,0,0,0,0,55
POA3629,666,80,49,13,0,0,9,815
POA3630,2603,235,128,27,4,0,21,3021
POA3631,1839,121,69,20,3,4,15,2064
POA3633,79,7,0,3,0,0,0,91
POA3634,204,13,15,4,0,0,0,232
POA3635,42,4,5,0,0,0,0,56
POA3636,392,32,28,8,0,0,10,469
POA3637,72,3,0,0,0,0,0,82
POA3638,182,15,16,0,0,0,3,212
POA3639,37,4,0,0,0,0,0,44
POA3640,101,5,4,0,0,0,5,116
POA3641,107,10,7,5,0,0,0,129
POA3644,697,76,46,8,0,0,6,837
POA3646,48,4,0,0,0,0,0,58
POA3647,0,0,0,0,0,0,0,0
POA3649,37,0,3,0,0,0,0,47
POA3658,581,59,43,9,0,0,6,701
POA3659,69,0,0,5,0,0,0,77
POA3660,560,67,26,3,0,0,6,659
POA3662,125,14,10,0,0,0,0,140
POA3663,12,4,0,0,0,0,0,16
POA3664,102,9,8,0,0,0,0,121
POA3665,29,0,0,0,0,0,0,31
POA3666,346,30,17,3,6,0,0,409
POA3669,90,18,3,0,0,0,0,107
POA3670,51,6,3,0,0,0,0,59
POA3672,675,80,48,12,0,0,7,817
POA3673,163,11,8,0,0,0,5,183
POA3675,199,24,4,4,0,0,4,233
POA3677,1498,139,95,11,7,3,20,1771
POA3678,682,45,31,7,4,0,7,780
POA3682,72,6,0,0,0,0,5,78
POA3683,146,19,14,0,0,0,0,181
POA3685,245,21,13,0,0,0,3,290
POA3687,96,13,6,0,0,0,0,112
POA3688,150,15,8,0,0,0,0,173
POA3690,2922,326,200,37,5,0,28,3528
POA3691,1450,122,89,15,0,3,9,1690
POA3695,54,3,4,0,0,0,0,61
POA3697,53,0,0,0,0,0,0,56
POA3698,81,9,0,0,0,0,0,92
POA3699,64,3,0,0,0,0,0,75
POA3700,113,8,3,0,0,0,0,127
POA3701,86,4,0,0,0,0,0,93
POA3704,4,0,0,0,0,0,0,4
POA3705,16,0,0,0,0,0,0,16
POA3707,141,10,6,0,0,0,0,161
POA3708,8,0,0,0,0,0,0,6
POA3709,11,0,0,0,0,0,0,17
POA3711,45,0,7,0,0,0,0,52
POA3712,23,0,0,0,0,0,0,28
POA3713,44,7,0,0,0,0,0,53
POA3714,295,29,10,0,0,0,3,334
POA3715,25,6,0,0,0,0,0,28
POA3717,241,29,13,0,0,0,4,291
POA3718,6,0,0,0,0,0,0,3
POA3719,35,5,0,0,0,0,0,34
POA3720,49,3,0,0,0,0,0,54
POA3722,494,43,18,5,3,0,0,556
POA3723,227,21,4,5,0,0,7,258
POA3725,50,9,8,0,0,0,3,69
POA3726,36,5,0,0,0,0,0,40
POA3727,28,0,0,0,0,0,0,29
POA3728,53,0,4,0,0,0,0,61
POA3730,721,77,53,12,0,0,0,868
POA3732,51,8,0,0,0,0,0,62
POA3733,11,0,0,0,0,0,0,11
POA3735,66,0,0,0,0,0,0,69
POA3737,374,33,19,0,0,0,4,430
POA3738,16,0,0,0,0,0,0,17
POA3739,10,0,0,0,0,0,0,15
POA3740,128,5,0,0,0,0,0,136
POA3741,264,15,10,0,0,0,6,296
POA3744,58,4,4,0,0,0,0,58
POA3746,39,5,0,0,0,0,0,47
POA3747,433,30,13,0,0,0,0,479
POA3749,214,14,8,0,0,0,0,240
POA3750,3816,150,76,53,0,0,5,4107
POA3751,16,0,0,0,0,0,0,16
POA3752,3649,181,88,26,0,0,10,3960
POA3753,658,48,40,9,0,4,5,762
POA3754,7099,501,299,65,7,8,16,7986
POA3755,25,0,3,0,0,0,0,32
POA3756,1932,164,113,22,8,0,7,2242
POA3757,1095,92,47,7,4,0,0,1243
POA3758,288,24,8,7,0,0,0,327
POA3759,136,6,4,0,0,0,0,143
POA3760,53,0,0,0,0,0,0,57
POA3761,132,17,7,0,0,0,0,157
POA3762,13,0,0,0,0,0,0,12
POA3763,159,20,16,3,0,0,4,199
POA3764,1067,102,59,6,5,0,6,1242
POA3765,884,83,26,3,0,0,9,1004
POA3766,160,11,8,0,0,0,0,181
POA3767,142,7,4,0,0,0,0,153
POA3770,384,29,30,3,0,0,0,443
POA3775,485,52,18,0,0,0,0,550
POA3777,1001,113,57,7,0,0,8,1192
POA3778,16,0,0,0,0,0,0,21
POA3779,28,3,0,0,0,0,0,29
POA3781,550,63,31,0,0,0,0,646
POA3782,981,84,36,7,0,0,8,1119
POA3783,297,30,16,0,0,0,0,345
POA3785,5,0,0,0,0,0,0,5
POA3786,203,6,8,7,0,0,0,220
POA3787,112,6,0,0,0,0,0,129
POA3788,192,16,4,0,0,0,0,217
POA3789,30,8,0,0,0,0,0,39
POA3791,163,13,3,0,0,0,0,179
POA3792,136,7,4,0,0,0,0,148
POA3793,418,41,21,0,0,0,5,481
POA3795,162,10,8,3,0,0,0,183
POA3796,1250,109,57,11,0,0,3,1439
POA3797,360,27,19,7,0,0,0,417
POA3799,440,46,31,9,0,0,0,534
POA3802,3201,155,84,40,6,0,8,3489
POA3803,1315,70,34,21,0,0,5,1446
POA3804,1222,69,24,15,0,0,6,1330
POA3805,7834,478,258,96,11,10,22,8712
POA3806,7036,471,231,54,4,0,21,7816
POA3807,1075,72,28,8,0,4,5,1198
POA3808,452,32,15,0,0,0,0,498
POA3809,2647,171,100,16,5,0,8,2941
POA3810,6139,522,358,74,11,6,38,7145
POA3812,286,27,16,0,0,0,0,326
POA3813,107,7,7,0,0,0,3,118
POA3814,303,22,9,0,0,0,0,335
POA3815,426,29,18,0,0,0,0,482
POA3816,298,35,26,6,0,0,0,366
POA3818,1626,170,108,11,3,4,15,1941
POA3820,1871,195,106,26,4,0,10,2204
POA3821,356,25,18,0,0,0,0,399
POA3822,113,8,6,0,0,0,0,131
POA3823,182,11,17,0,0,0,0,211
POA3824,485,55,35,8,0,0,5,586
POA3825,1512,200,134,14,3,0,15,1885
POA3831,189,19,9,0,0,0,3,212
POA3832,20,4,3,0,0,0,0,23
POA3833,13,3,0,0,0,0,0,22
POA3835,46,4,0,0,0,0,0,55
POA3840,1175,142,86,14,4,0,17,1444
POA3842,340,45,33,5,0,0,8,434
POA3844,2794,326,175,23,0,5,17,3332
POA3847,194,16,10,4,0,0,3,231
POA3850,1273,137,83,4,3,0,8,1505
POA3851,456,30,18,0,0,0,9,518
POA3852,0,0,0,0,0,0,0,0
POA3854,170,15,10,0,0,0,0,200
POA3856,107,13,15,0,0,0,4,140
POA3857,35,0,0,0,0,0,0,40
POA3858,267,21,15,0,0,0,0,305
POA3859,90,8,6,0,0,0,0,103
POA3860,635,56,35,10,0,0,3,740
POA3862,330,39,22,5,3,0,5,399
POA3864,18,3,3,0,0,0,0,21
POA3865,40,0,0,0,0,0,0,47
POA3869,176,22,5,0,0,0,3,211
POA3870,101,18,6,3,0,0,0,129
POA3871,259,30,16,6,0,0,0,301
POA3873,33,0,0,0,0,0,0,37
POA3874,37,7,3,0,0,0,0,42
POA3875,1624,172,86,14,3,3,21,1924
POA3878,79,12,0,0,0,0,0,91
POA3880,202,27,14,7,0,0,0,249
POA3882,121,9,7,5,0,0,3,146
POA3885,168,15,3,0,0,0,0,196
POA3886,33,0,3,0,0,0,0,35
POA3887,16,0,0,0,0,0,0,25
POA3888,221,19,18,3,0,0,4,273
POA3889,7,0,0,0,0,0,0,7
POA3890,18,0,0,0,0,0,0,20
POA3891,3,4,0,0,0,0,0,4
POA3892,76,8,3,0,0,0,0,83
POA3893,0,0,0,0,0,0,0,0
POA3895,13,0,0,0,0,0,0,17
POA3896,25,4,5,0,0,0,0,32
POA3898,38,3,0,0,0,0,0,43
POA3900,5,0,0,0,0,0,0,5
POA3902,30,3,0,0,0,0,0,31
POA3903,77,12,4,0,0,0,0,87
POA3904,120,10,3,0,0,0,0,135
POA3909,530,63,39,10,0,0,4,646
POA3910,2752,259,152,28,3,4,12,3205
POA3911,379,38,24,7,0,0,0,458
POA3912,1717,190,106,18,0,0,11,2041
POA3913,366,45,25,0,0,0,0,435
POA3915,817,84,61,6,0,0,8,981
POA3916,84,0,0,0,0,0,0,91
POA3918,447,51,9,4,0,4,0,510
POA3919,308,40,22,5,0,0,4,380
POA3920,40,7,0,0,0,0,0,52
POA3921,10,0,0,0,0,0,0,9
POA3922,699,53,36,5,0,0,11,802
POA3923,54,7,0,0,0,0,0,57
POA3925,395,37,11,0,0,0,0,452
POA3926,351,22,9,6,0,0,0,381
POA3927,186,11,4,0,0,0,0,195
POA3928,34,8,0,0,0,0,0,42
POA3929,70,5,0,0,0,0,0,77
POA3930,2568,130,48,8,0,0,9,2765
POA3931,2270,240,88,15,0,0,14,2628
POA3933,116,9,5,0,0,0,0,132
POA3934,2361,177,84,9,0,0,4,2638
POA3936,1012,139,50,0,0,0,6,1210
POA3937,177,18,3,0,0,0,0,198
POA3938,262,20,14,0,0,0,0,299
POA3939,1245,111,45,7,0,0,11,1412
POA3940,265,29,18,0,0,0,5,317
POA3941,1113,97,47,10,5,0,3,1275
POA3942,196,15,3,0,0,0,0,218
POA3943,114,12,3,0,0,0,0,123
POA3944,30,0,0,0,0,0,0,27
POA3945,101,10,9,0,0,0,0,110
POA3946,25,3,0,0,0,0,0,32
POA3950,435,43,28,4,0,0,3,516
POA3951,107,10,4,0,0,0,0,129
POA3953,718,70,38,0,0,0,6,840
POA3954,43,4,0,0,0,0,0,44
POA3956,239,14,13,0,0,0,4,267
POA3957,41,0,0,0,0,0,0,38
POA3958,25,4,0,0,0,0,0,29
POA3959,104,7,4,0,0,0,0,118
POA3960,167,11,9,4,0,0,0,187
POA3962,60,3,5,0,0,0,0,64
POA3964,17,0,0,0,0,0,0,17
POA3965,9,0,0,0,0,0,0,8
POA3966,49,4,0,0,0,0,0,54
POA3967,6,4,0,0,0,0,0,9
POA3971,271,39,17,3,0,0,0,335
POA3975,2893,145,57,42,0,5,8,3150
POA3976,3195,200,106,65,9,5,14,3584
POA3977,15147,1103,688,236,20,9,48,17249
POA3978,6648,435,230,83,4,3,24,7427
POA3979,39,0,0,0,0,0,0,42
POA3980,401,54,20,3,0,0,0,487
POA3981,573,63,42,9,0,0,0,694
POA3984,608,78,37,7,4,0,7,734
POA3987,179,20,15,0,0,0,0,211
POA3988,126,12,3,0,0,0,0,144
POA3990,10,3,0,0,0,0,0,11
POA3991,32,5,0,0,0,0,0,39
POA3992,114,12,8,0,0,0,0,137
POA3995,859,91,53,3,0,0,6,1021
POA3996,541,35,16,5,0,0,5,601
POA4000,769,113,9,0,0,0,3,903
POA4005,1005,120,21,3,0,0,4,1149
POA4006,738,113,11,6,0,0,0,866
POA4007,1134,126,32,4,0,0,9,1303
POA4008,15,0,0,0,0,0,0,23
POA4009,0,0,0,0,0,0,0,0
POA4010,169,10,3,0,0,0,0,186
POA4011,1637,126,40,3,3,0,0,1820
POA4012,2250,232,68,13,4,0,6,2570
POA4013,500,44,15,3,0,0,3,567
POA4014,1511,154,70,12,0,0,3,1763
POA4017,4258,451,162,29,9,0,24,4925
POA4018,1445,119,47,19,0,0,6,1639
POA4019,1411,279,71,8,5,3,13,1794
POA4020,1873,298,116,24,4,3,11,2328
POA4021,759,107,63,20,0,0,10,955
POA4022,545,104,57,11,0,0,0,721
POA4025,3,0,0,0,0,0,0,3
POA4030,1625,120,28,4,3,0,0,1788
POA4031,1556,118,36,11,0,0,0,1720
POA4032,1406,157,37,16,0,0,3,1627
POA4034,4724,475,165,40,4,0,23,5438
POA4035,3661,327,131,17,6,0,12,4153
POA4036,756,90,46,7,0,0,0,897
POA4037,1141,113,43,5,0,0,10,1315
POA4051,3241,278,50,5,0,0,3,3585
POA4053,5250,503,166,25,6,5,29,5982
POA4054,1500,159,64,8,0,0,10,1733
POA4055,3011,297,95,15,6,0,13,3436
POA4059,1114,108,14,3,0,0,3,1253
POA4060,1812,110,39,4,0,0,0,1963
POA4061,2341,198,63,9,0,0,0,2614
POA4064,1059,96,22,0,0,0,0,1180
POA4065,1392,89,29,6,0,0,0,1520
POA4066,1387,120,23,5,0,0,0,1533
POA4067,794,58,9,0,0,0,0,865
POA4068,2693,170,47,19,0,0,0,2932
POA4069,5073,384,99,25,4,4,5,5587
POA4070,1627,163,59,9,0,0,0,1865
POA4073,1280,97,21,4,0,0,4,1408
POA4074,3031,295,78,22,3,0,4,3442
POA4075,3069,252,80,23,3,0,5,3433
POA4076,459,45,13,5,0,0,0,533
POA4077,3287,310,175,89,11,3,34,3911
POA4078,2962,304,127,50,4,0,16,3468
POA4101,2209,252,47,11,0,0,3,2528
POA4102,554,66,11,4,0,0,0,642
POA4103,1172,98,33,7,0,0,6,1317
POA4104,638,66,7,0,0,0,3,721
POA4105,1386,122,27,11,0,0,4,1545
POA4106,107,12,6,5,0,0,0,134
POA4107,759,53,19,0,0,0,3,836
POA4108,523,38,18,7,0,0,0,593
POA4109,3772,309,103,57,3,0,23,4269
POA4110,1952,155,81,37,3,0,10,2237
POA4111,81,0,6,0,0,0,0,88
POA4112,1271,76,27,8,0,0,7,1383
POA4113,3456,274,70,47,8,0,19,3877
POA4114,2037,238,155,74,4,6,24,2534
POA4115,2592,222,82,31,6,0,15,2960
POA4116,3716,275,102,44,4,0,17,4154
POA4117,350,28,34,5,0,0,5,418
POA4118,3266,414,217,59,5,3,38,4006
POA4119,905,68,25,13,0,0,6,1017
POA4120,776,63,11,4,0,0,0,855
POA4121,3290,235,85,23,0,0,7,3641
POA4122,5299,395,152,43,0,6,20,5912
POA4123,3035,278,78,33,3,0,11,3425
POA4124,2712,302,172,37,3,3,21,3252
POA4125,1229,159,79,30,3,3,14,1520
POA4127,2535,310,128,48,8,5,23,3058
POA4128,1990,231,90,27,3,0,19,2362
POA4129,690,95,55,12,0,0,5,845
POA4130,1103,130,41,10,4,0,3,1285
POA4131,956,120,63,26,9,0,10,1174
POA4132,2352,308,227,70,12,4,30,3008
POA4133,1930,266,179,35,8,3,15,2442
POA4151,1724,129,48,11,0,0,3,1919
POA4152,5782,477,146,35,3,0,10,6450
POA4153,601,59,15,8,0,0,0,681
POA4154,1758,152,52,10,0,0,0,1976
POA4155,180,19,9,0,0,0,0,211
POA4156,522,39,12,3,0,0,0,580
POA4157,2027,227,95,31,0,0,17,2397
POA4158,350,33,14,3,0,0,0,400
POA4159,1565,197,79,12,7,0,11,1869
POA4160,2197,246,93,23,3,0,8,2564
POA4161,1703,222,110,14,3,0,6,2060
POA4163,1279,183,83,10,0,4,4,1561
POA4164,2316,311,137,19,0,0,15,2799
POA4165,4283,627,260,44,5,4,31,5255
POA4169,777,120,8,0,0,0,3,912
POA4170,2946,288,65,9,0,0,6,3314
POA4171,1957,194,42,0,6,0,3,2204
POA4172,500,66,27,3,0,0,0,592
POA4173,894,116,41,14,3,0,5,1068
POA4174,318,48,18,6,0,0,0,397
POA4178,2667,343,129,22,6,4,10,3188
POA4179,2285,282,87,15,0,0,7,2678
POA4183,130,16,5,0,0,0,0,155
POA4184,270,71,26,0,0,0,13,379
POA4205,371,55,36,4,3,0,3,480
POA4207,5771,935,532,97,20,10,47,7412
POA4208,2828,435,221,25,5,0,15,3533
POA4209,7733,1139,659,101,17,15,46,9712
POA4210,2765,324,161,32,5,3,14,3307
POA4211,6430,786,400,66,19,5,36,7742
POA4212,3408,450,150,29,8,0,15,4055
POA4213,3757,400,163,24,4,0,28,4374
POA4214,3916,463,196,28,5,0,20,4634
POA4215,3008,430,99,27,3,4,25,3596
POA4216,2808,385,134,20,5,5,21,3369
POA4217,2845,386,94,19,6,0,10,3367
POA4218,2765,284,88,14,0,0,14,3163
POA4220,2929,346,90,14,3,0,15,3397
POA4221,2757,346,88,16,5,0,15,3231
POA4223,1547,188,65,15,3,0,5,1826
POA4224,645,85,25,6,0,0,7,767
POA4225,385,77,16,0,0,0,0,478
POA4226,3618,454,155,25,3,0,13,4273
POA4227,2489,310,114,18,3,0,11,2939
POA4228,669,67,23,7,0,0,6,771
POA4270,500,64,28,14,4,0,6,610
POA4272,736,95,30,7,0,0,7,874
POA4275,406,51,19,10,3,0,0,487
POA4280,2359,341,173,41,12,3,23,2956
POA4285,2023,246,158,25,7,9,15,2475
POA4287,51,9,3,0,0,0,3,58
POA4300,7874,928,517,127,29,15,41,9527
POA4301,3304,409,319,90,18,13,24,4175
POA4303,209,54,20,8,4,0,12,304
POA4304,1265,202,127,27,3,0,23,1657
POA4305,5065,859,450,78,25,9,58,6547
POA4306,4894,653,330,66,8,0,47,6000
POA4307,158,19,7,0,0,0,4,189
POA4309,320,28,13,0,0,0,3,367
POA4310,485,58,29,9,3,0,6,588
POA4311,821,132,85,15,7,3,16,1075
POA4312,149,18,9,6,0,0,3,184
POA4313,157,26,17,0,0,0,3,202
POA4314,162,32,15,7,0,0,3,221
POA4340,442,67,36,8,0,4,5,565
POA4341,1317,245,111,29,4,0,19,1731
POA4342,211,27,11,12,0,0,0,256
POA4343,950,108,52,21,0,0,13,1137
POA4344,252,28,14,3,0,0,0,300
POA4346,99,9,3,0,0,0,0,116
POA4347,111,11,11,0,0,0,0,130
POA4350,9164,1167,540,116,15,5,68,11076
POA4352,3564,445,191,35,4,0,20,4257
POA4353,42,3,0,0,0,0,0,48
POA4354,105,6,7,3,3,0,0,119
POA4355,170,13,13,0,0,0,0,195
POA4356,490,35,33,7,3,0,0,569
POA4357,184,13,14,0,0,0,0,214
POA4358,310,23,25,4,0,0,5,365
POA4359,135,12,15,3,0,0,0,162
POA4360,52,4,0,0,0,0,3,61
POA4361,212,20,9,0,4,0,0,247
POA4362,216,12,12,6,0,0,5,247
POA4363,66,4,0,0,0,0,0,72
POA4364,12,3,0,0,0,0,0,17
POA4365,35,0,4,0,0,0,3,41
POA4370,1408,198,103,11,3,0,20,1746
POA4371,65,7,3,0,0,0,4,76
POA4372,14,0,0,0,0,0,0,12
POA4373,60,6,4,0,0,0,0,68
POA4374,21,0,0,0,0,0,0,29
POA4375,16,0,0,0,0,0,0,21
POA4376,17,7,3,0,0,0,0,23
POA4377,55,3,6,0,0,0,0,62
POA4378,44,4,3,0,0,0,0,54
POA4380,580,48,34,9,0,0,6,686
POA4381,45,9,3,0,0,0,0,60
POA4382,38,0,3,0,0,0,0,40
POA4383,23,4,5,0,0,0,0,33
POA4384,3,4,0,0,0,0,0,6
POA4385,81,3,9,0,0,0,5,99
POA4387,83,17,10,0,0,0,0,108
POA4388,31,0,4,0,0,0,0,31
POA4390,634,43,29,12,4,0,7,727
POA4400,204,33,32,3,0,0,0,276
POA4401,416,70,44,8,0,4,10,555
POA4402,16,0,0,0,0,0,0,20
POA4403,79,7,3,0,0,0,0,95
POA4404,43,5,5,0,0,0,0,56
POA4405,1209,184,78,20,3,6,19,1519
POA4406,186,9,9,0,0,0,0,202
POA4407,41,3,3,0,0,0,3,52
POA4408,45,0,6,0,0,0,0,49
POA4410,79,9,11,0,0,0,3,104
POA4411,26,0,0,0,0,0,0,35
POA4412,22,3,0,0,0,0,0,24
POA4413,754,58,45,0,0,4,3,877
POA4415,148,13,12,3,0,0,0,182
POA4416,41,0,0,0,0,0,0,43
POA4417,63,6,4,0,0,0,3,81
POA4418,8,0,0,0,0,0,0,7
POA4419,63,13,5,0,0,0,0,79
POA4420,123,7,0,0,0,0,0,137
POA4421,110,7,8,0,0,0,3,137
POA4422,47,0,3,0,0,0,0,48
POA4423,23,3,0,0,0,0,0,24
POA4424,24,4,0,0,0,0,0,29
POA4425,14,0,0,0,0,0,0,13
POA4426,6,3,0,0,0,0,0,12
POA4427,24,3,0,0,0,0,0,24
POA4428,57,11,0,0,0,0,0,71
POA4454,53,0,5,0,0,0,0,63
POA4455,744,117,51,10,0,0,7,931
POA4461,3,0,0,0,0,0,0,3
POA4462,8,0,0,0,0,0,0,14
POA4465,107,11,0,0,0,0,5,121
POA4467,15,0,0,0,0,0,0,17
POA4468,23,0,0,0,0,0,0,24
POA4470,214,35,6,0,0,0,0,260
POA4472,112,7,4,0,0,0,0,125
POA4474,7,0,0,0,0,0,0,10
POA4477,52,4,5,0,0,0,0,56
POA4478,42,7,5,0,0,0,0,50
POA4479,0,0,0,0,0,0,0,0
POA4480,62,3,4,0,0,0,0,69
POA4481,6,0,0,0,0,0,0,6
POA4482,3,3,0,0,0,0,0,9
POA4486,51,7,4,0,0,0,0,57
POA4487,266,31,9,5,0,0,3,316
POA4488,32,0,0,0,0,0,0,30
POA4489,5,3,0,0,0,0,0,6
POA4490,90,13,8,3,4,0,0,119
POA4491,3,0,0,0,0,0,0,3
POA4492,22,5,3,0,0,0,0,34
POA4493,0,0,0,0,0,0,0,0
POA4494,12,0,0,0,0,0,0,12
POA4496,24,0,0,0,0,0,0,26
POA4497,38,0,5,0,0,0,0,41
POA4498,29,0,0,0,0,0,0,28
POA4500,5171,621,317,50,14,7,21,6200
POA4501,469,49,42,4,4,0,4,579
POA4502,924,129,43,8,5,0,10,1114
POA4503,5112,713,353,72,18,0,29,6302
POA4504,2461,388,224,23,12,4,8,3116
POA4505,2456,405,193,38,12,3,15,3126
POA4506,2002,345,224,27,6,5,23,2632
POA4507,917,193,55,23,4,0,16,1203
POA4508,1422,262,117,42,9,0,16,1874
POA4509,4723,594,262,39,5,5,25,5657
POA4510,4066,757,428,93,23,3,50,5428
POA4511,701,163,58,7,0,0,7,942
POA4512,408,47,19,4,0,0,5,477
POA4514,640,99,53,8,8,0,13,815
POA4515,368,38,37,0,0,0,3,451
POA4516,493,82,30,9,0,0,4,619
POA4517,81,14,7,0,0,0,0,97
POA4518,521,82,38,11,0,0,3,662
POA4519,892,129,56,4,6,0,3,1093
POA4520,1840,143,54,12,0,0,7,2054
POA4521,565,71,33,10,0,0,0,678
POA4550,485,71,33,3,0,0,0,595
POA4551,5956,881,301,58,8,7,40,7249
POA4552,614,61,38,6,0,0,3,724
POA4553,1260,165,60,11,0,0,6,1504
POA4554,206,23,19,0,0,0,0,244
POA4555,768,112,35,5,0,0,10,929
POA4556,4552,549,181,31,9,0,17,5339
POA4557,1888,249,71,10,4,0,8,2234
POA4558,1347,185,52,14,0,0,9,1609
POA4559,818,103,31,5,3,0,6,965
POA4560,3248,448,188,31,4,4,13,3943
POA4561,910,132,42,10,3,0,8,1105
POA4562,978,103,24,9,0,5,8,1119
POA4563,837,117,37,11,3,0,5,1023
POA4564,859,134,31,3,5,0,3,1039
POA4565,1201,181,45,13,4,0,12,1448
POA4566,585,80,17,0,0,0,0,686
POA4567,984,109,32,3,0,0,0,1132
POA4568,353,39,13,4,0,0,4,416
POA4569,148,17,7,5,0,0,0,180
POA4570,3514,528,278,42,10,3,47,4420
POA4571,68,4,0,0,0,0,0,83
POA4572,275,41,4,3,3,0,4,326
POA4573,3230,387,112,20,0,0,11,3756
POA4574,119,10,4,5,0,0,0,132
POA4575,2405,376,115,13,5,0,16,2936
POA4580,212,22,14,7,0,0,0,255
POA4581,63,7,0,0,0,0,0,73
POA4600,56,0,0,0,0,0,0,57
POA4601,86,10,10,0,0,0,0,110
POA4605,275,29,19,12,0,3,9,344
POA4606,165,20,11,3,3,0,0,204
POA4608,57,4,6,0,0,0,7,74
POA4610,1140,156,83,14,3,0,10,1411
POA4611,13,0,3,0,0,0,0,16
POA4612,16,3,4,0,0,0,0,16
POA4613,41,6,9,0,0,0,6,56
POA4614,64,6,3,0,0,0,0,81
POA4615,414,68,32,14,3,0,14,547
POA4620,20,7,0,0,0,0,0,28
POA4621,120,17,5,0,0,0,3,143
POA4625,191,24,11,0,0,0,0,225
POA4626,146,12,6,0,0,0,0,167
POA4627,61,5,4,0,0,0,5,71
POA4630,166,17,9,0,0,0,4,193
POA4650,2216,392,182,43,3,0,34,2876
POA4655,4300,771,332,66,13,11,51,5552
POA4659,247,38,22,0,0,0,0,317
POA4660,457,69,31,8,0,0,7,572
POA4662,59,7,4,0,0,0,0,64
POA4670,6069,946,453,91,22,10,60,7656
POA4671,395,50,23,8,0,0,9,485
POA4673,42,3,4,0,0,0,0,53
POA4674,87,9,4,3,0,0,4,105
POA4676,7,0,0,0,0,0,0,9
POA4677,297,27,14,5,0,0,7,352
POA4678,48,5,7,0,0,0,3,63
POA4680,5044,812,378,50,12,7,49,6359
POA4694,4,0,0,0,0,0,0,5
POA4695,90,11,10,0,0,0,0,111
POA4697,13,0,0,0,0,0,0,12
POA4699,39,11,0,0,0,0,0,52
POA4700,1189,199,65,14,6,0,8,1484
POA4701,3491,710,286,67,17,8,37,4620
POA4702,2473,435,211,41,13,3,33,3208
POA4703,2076,401,130,16,0,0,18,2658
POA4704,11,0,0,0,0,0,0,9
POA4705,40,3,0,0,0,0,0,40
POA4706,5,0,0,0,0,0,0,5
POA4707,18,0,0,0,0,0,0,21
POA4709,81,8,11,0,0,0,0,99
POA4710,331,59,33,6,0,0,4,429
POA4711,213,23,6,4,0,0,3,247
POA4712,17,4,0,0,0,0,0,26
POA4713,28,4,4,0,3,0,3,49
POA4714,130,19,10,3,3,0,9,175
POA4715,691,51,41,7,0,0,0,797
POA4716,85,9,6,0,0,0,0,99
POA4717,407,48,31,4,0,0,4,495
POA4718,221,26,21,4,0,0,0,266
POA4719,89,10,0,0,0,0,0,102
POA4720,1483,260,98,16,4,4,9,1882
POA4721,371,26,16,0,0,0,0,417
POA4722,142,13,10,0,0,0,0,167
POA4723,146,15,3,6,0,0,0,170
POA4724,58,5,0,0,0,0,0,62
POA4725,115,18,4,0,0,0,0,132
POA4726,28,3,3,0,0,0,4,37
POA4727,21,4,0,0,0,0,0,27
POA4728,24,5,0,0,0,0,0,26
POA4730,250,22,13,4,0,0,0,287
POA4731,12,0,0,0,0,0,0,18
POA4732,8,4,0,0,0,0,0,20
POA4733,19,0,0,0,0,0,0,19
POA4735,58,11,3,0,0,0,4,69
POA4736,9,0,0,0,0,0,0,9
POA4737,728,86,50,14,0,0,9,887
POA4738,106,6,10,0,0,0,0,114
POA4739,20,6,0,0,0,0,0,24
POA4740,7313,1338,520,87,22,4,64,9349
POA4741,650,74,52,0,0,0,6,781
POA4742,74,11,9,0,0,0,0,92
POA4743,36,7,3,0,0,0,0,45
POA4744,907,133,68,11,0,0,3,1124
POA4745,233,26,17,0,0,0,0,281
POA4746,162,9,11,0,0,0,0,187
POA4750,564,141,39,7,3,0,0,760
POA4751,459,80,37,4,0,0,0,585
POA4753,521,125,29,0,0,0,0,682
POA4754,234,25,18,0,0,0,0,274
POA4756,49,6,6,0,0,0,0,58
POA4757,17,4,0,0,0,0,0,27
POA4798,52,5,0,3,0,0,0,62
POA4799,80,5,0,0,0,0,0,83
POA4800,896,117,53,8,3,0,6,1087
POA4802,719,203,56,6,0,0,4,991
POA4804,135,19,10,0,0,0,3,164
POA4805,815,124,64,15,4,0,17,1034
POA4806,298,45,11,4,0,0,3,361
POA4807,854,104,38,4,6,0,7,1012
POA4808,121,9,6,0,0,0,5,136
POA4809,91,0,0,0,0,0,0,96
POA4810,1309,214,59,12,4,0,6,1601
POA4811,1021,193,68,13,0,0,16,1315
POA4812,1303,218,72,15,3,0,17,1619
POA4814,3683,638,217,53,6,5,24,4625
POA4815,1548,330,181,39,10,7,30,2147
POA4816,658,79,32,23,0,4,20,813
POA4817,2772,553,211,29,10,6,29,3604
POA4818,3207,657,274,37,7,4,24,4213
POA4819,109,12,3,0,0,0,0,131
POA4820,714,80,47,18,6,0,6,869
POA4821,106,11,8,4,0,0,0,124
POA4822,66,7,4,0,0,0,0,75
POA4823,77,5,3,0,0,0,0,89
POA4824,218,26,22,6,0,0,0,281
POA4825,1594,231,125,41,7,8,25,2036
POA4828,9,0,0,0,0,0,0,12
POA4829,29,6,0,0,0,0,0,32
POA4830,125,17,11,29,0,0,0,178
POA4849,54,13,6,0,0,0,0,70
POA4850,812,61,39,12,0,0,9,931
POA4852,254,32,8,3,0,0,0,306
POA4854,436,40,21,4,0,0,0,503
POA4855,68,6,4,0,0,0,0,77
POA4856,47,9,0,0,0,0,3,65
POA4858,148,8,7,0,0,0,0,163
POA4859,35,3,0,7,0,0,0,43
POA4860,832,88,48,21,3,0,11,1010
POA4861,120,8,15,0,0,0,0,141
POA4865,782,131,39,13,4,0,0,973
POA4868,1873,295,117,49,4,5,15,2348
POA4869,1841,312,151,43,7,6,18,2386
POA4870,5528,774,243,89,22,11,43,6703
POA4871,826,65,38,28,8,3,8,972
POA4872,322,35,13,0,0,0,3,376
POA4873,499,51,31,7,0,4,3,594
POA4874,479,94,46,18,0,0,5,643
POA4875,541,55,54,70,3,3,17,746
POA4876,183,30,26,11,3,4,9,257
POA4877,312,43,16,0,0,0,3,372
POA4878,1148,204,64,10,7,0,12,1438
POA4879,1878,276,82,16,0,0,16,2271
POA4880,1004,95,71,20,0,3,16,1208
POA4881,364,33,13,9,8,0,4,436
POA4882,276,25,9,7,0,0,0,324
POA4883,585,74,42,4,0,0,10,724
POA4884,142,18,6,0,0,0,0,160
POA4885,326,26,11,3,0,0,10,380
POA4886,69,11,5,0,0,0,0,79
POA4887,117,15,10,3,0,0,5,143
POA4888,135,16,8,8,0,4,3,178
POA4890,78,11,3,8,0,0,5,113
POA4891,13,5,0,0,0,0,0,19
POA4892,292,38,22,42,10,0,17,417
POA4895,283,40,20,18,5,0,13,371
POA5000,520,52,7,0,0,0,0,576
POA5006,368,23,3,0,0,0,3,398
POA5007,513,45,16,7,0,0,9,584
POA5008,1449,75,29,14,5,0,8,1573
POA5009,560,38,11,3,0,0,0,621
POA5010,638,33,11,11,0,0,8,706
POA5011,1496,96,40,12,0,0,4,1649
POA5012,1254,68,49,29,6,0,11,1415
POA5013,939,100,50,18,0,3,3,1120
POA5014,1196,109,36,18,0,0,8,1371
POA5015,416,46,24,7,0,0,0,493
POA5016,886,98,40,4,4,0,0,1038
POA5017,380,44,36,5,0,0,4,474
POA5018,531,47,23,0,0,0,6,610
POA5019,763,78,33,0,0,0,4,883
POA5020,330,36,16,0,0,0,3,383
POA5021,605,42,12,3,0,0,0,667
POA5022,1768,119,53,9,0,0,6,1962
POA5023,1706,119,39,21,0,0,5,1891
POA5024,1705,95,53,7,0,0,4,1867
POA5025,1061,64,41,8,0,0,0,1168
POA5031,862,55,25,5,0,0,3,938
POA5032,1517,82,27,5,0,0,0,1638
POA5033,767,48,20,5,0,0,0,852
POA5034,1085,59,34,3,0,0,10,1190
POA5035,621,33,15,0,0,0,4,678
POA5037,1127,72,31,5,0,0,3,1240
POA5038,1699,102,36,11,0,0,10,1868
POA5039,976,62,28,0,0,0,0,1071
POA5040,249,12,5,3,0,0,0,268
POA5041,1723,98,29,6,0,0,3,1857
POA5042,1055,85,22,14,0,0,13,1187
POA5043,1693,126,49,22,4,0,12,1905
POA5044,1190,86,34,3,0,0,5,1315
POA5045,1307,106,38,6,0,0,5,1460
POA5046,865,72,21,8,0,0,0,959
POA5047,824,61,31,6,0,0,3,933
POA5048,1465,123,46,3,0,0,4,1649
POA5049,1148,88,42,4,6,0,3,1294
POA5050,664,44,14,3,0,0,0,729
POA5051,2031,117,61,7,0,0,6,2224
POA5052,833,84,36,5,0,0,4,948
POA5061,1079,63,22,5,0,0,0,1172
POA5062,1918,107,50,3,0,0,4,2091
POA5063,1374,66,25,5,0,0,5,1481
POA5064,1302,60,27,15,0,0,4,1409
POA5065,1334,41,20,8,0,0,0,1400
POA5066,1730,79,37,3,0,0,4,1850
POA5067,873,59,19,0,0,0,0,955
POA5068,1335,71,23,7,0,0,3,1444
POA5069,933,36,24,0,0,0,0,997
POA5070,1552,78,24,6,0,0,8,1669
POA5072,1664,87,34,8,0,0,0,1797
POA5073,2014,92,46,14,0,0,9,2170
POA5074,1530,99,28,15,0,0,3,1686
POA5075,1196,95,30,14,0,0,3,1342
POA5076,1326,63,31,7,0,0,0,1428
POA5081,1057,54,23,3,0,0,0,1143
POA5082,1830,117,40,9,0,0,0,2004
POA5083,898,49,27,5,0,0,0,981
POA5084,995,52,20,18,0,0,9,1096
POA5085,2714,140,64,48,0,0,4,2967
POA5086,2063,107,54,26,0,0,6,2257
POA5087,1315,72,30,19,5,3,4,1439
POA5088,379,23,10,5,0,0,0,420
POA5089,848,82,24,13,0,0,3,967
POA5090,761,66,27,11,0,0,3,872
POA5091,901,78,37,10,0,0,0,1032
POA5092,1948,169,59,23,5,0,13,2214
POA5093,961,68,41,16,0,0,3,1083
POA5094,89,6,4,0,0,0,0,103
POA5095,2355,151,81,33,5,0,6,2635
POA5096,1433,106,68,18,0,0,7,1641
POA5097,1471,98,57,16,0,0,9,1652
POA5098,1332,77,50,22,0,0,3,1489
POA5106,0,0,0,0,0,0,0,0
POA5107,2124,135,88,46,9,0,24,2415
POA5108,4032,382,266,77,9,6,52,4826
POA5109,1931,176,140,31,6,0,11,2291
POA5110,975,94,74,16,0,0,7,1165
POA5111,0,0,0,0,0,0,0,0
POA5112,1535,164,126,30,5,0,22,1881
POA5113,1206,150,130,34,11,9,15,1542
POA5114,3435,422,277,79,16,7,44,4281
POA5115,1187,139,88,22,4,0,10,1451
POA5116,892,114,70,6,4,0,4,1095
POA5117,563,34,25,9,4,0,3,641
POA5118,1840,191,107,23,3,0,18,2172
POA5120,345,20,13,3,0,0,0,382
POA5121,197,19,23,3,0,0,5,250
POA5125,2435,243,88,22,4,0,9,2793
POA5126,850,74,37,6,0,0,3,975
POA5127,898,84,34,8,0,0,5,1038
POA5131,124,16,0,0,0,0,0,134
POA5132,56,0,0,0,0,0,0,58
POA5133,59,0,3,0,0,0,0,61
POA5134,51,6,0,0,0,0,0,59
POA5136,63,7,4,0,0,0,0,75
POA5137,61,11,0,0,0,0,0,77
POA5138,46,0,4,0,0,0,0,52
POA5139,34,0,0,0,0,0,0,36
POA5140,62,4,4,0,0,0,0,71
POA5141,98,3,3,0,0,0,0,107
POA5142,69,8,3,0,0,0,0,83
POA5144,49,0,0,0,0,0,0,57
POA5150,4,0,0,0,0,0,0,4
POA5151,53,8,0,0,0,0,0,62
POA5152,805,59,27,5,0,0,0,897
POA5153,813,54,22,5,0,0,6,907
POA5154,483,23,3,0,0,0,0,513
POA5155,487,33,14,5,0,0,0,537
POA5156,134,4,0,0,0,0,0,141
POA5157,353,30,17,10,0,0,0,403
POA5158,3137,253,135,10,8,3,7,3556
POA5159,3944,331,166,20,7,0,12,4474
POA5160,0,0,0,0,0,0,0,0
POA5161,978,114,47,6,0,0,9,1151
POA5162,3239,347,226,32,4,6,22,3871
POA5163,1164,147,108,16,4,0,13,1460
POA5164,296,49,35,8,3,0,4,389
POA5165,392,59,35,7,0,0,3,492
POA5166,126,17,11,3,0,0,0,161
POA5167,570,77,32,11,0,0,4,696
POA5168,469,65,41,5,0,0,12,596
POA5169,2036,219,130,26,4,0,16,2435
POA5170,109,14,8,0,0,0,0,132
POA5171,654,60,29,0,0,0,0,749
POA5172,457,45,28,9,0,0,3,537
POA5173,1132,131,119,10,5,0,12,1402
POA5174,279,41,14,0,0,0,3,340
POA5201,243,28,16,0,0,0,4,291
POA5202,107,7,8,5,0,0,0,121
POA5203,93,15,6,0,0,0,0,118
POA5204,178,21,18,0,0,0,5,223
POA5210,195,22,21,3,0,0,5,242
POA5211,1030,102,58,18,3,0,18,1234
POA5212,145,11,7,0,0,0,0,163
POA5213,126,6,7,0,0,0,0,137
POA5214,489,59,38,7,3,0,6,596
POA5220,8,0,0,0,0,0,0,8
POA5221,15,0,0,0,0,0,0,14
POA5222,39,0,5,0,0,0,0,41
POA5223,292,18,12,0,0,0,0,326
POA5231,160,14,0,0,0,0,0,174
POA5232,44,9,3,0,0,0,0,55
POA5233,181,10,4,4,0,0,0,201
POA5234,142,19,11,0,0,0,5,177
POA5235,233,22,16,6,0,0,0,281
POA5236,38,5,3,0,0,0,0,43
POA5237,29,6,0,0,0,0,0,32
POA5238,242,25,13,3,0,0,5,295
POA5240,62,5,0,0,0,0,4,73
POA5241,265,17,10,3,0,0,0,295
POA5242,217,16,5,0,0,0,0,237
POA5243,93,4,0,0,0,0,0,98
POA5244,473,43,22,7,0,0,0,551
POA5245,351,30,8,0,0,0,0,389
POA5250,470,25,16,3,0,0,6,519
POA5251,1980,168,109,9,3,5,10,2277
POA5252,788,59,45,7,0,0,3,910
POA5253,1380,152,118,29,6,5,15,1703
POA5254,244,17,17,0,0,0,8,283
POA5255,949,84,56,9,4,0,4,1108
POA5256,95,8,8,0,0,0,0,120
POA5259,76,13,8,3,0,0,3,97
POA5260,94,21,7,0,0,0,0,127
POA5261,36,4,0,0,0,0,0,41
POA5262,50,0,4,0,0,0,0,57
POA5263,6,0,0,0,0,0,0,11
POA5264,72,6,5,6,0,0,3,91
POA5265,35,6,0,0,0,0,0,42
POA5266,52,0,0,0,0,0,0,61
POA5267,187,11,14,0,0,0,0,210
POA5268,330,28,21,0,0,0,6,381
POA5269,32,4,4,0,0,0,0,33
POA5270,64,6,3,0,0,0,0,66
POA5271,698,51,37,10,0,0,0,797
POA5272,100,3,5,0,0,0,0,109
POA5273,12,0,0,0,0,0,0,13
POA5275,171,8,10,0,0,0,0,198
POA5276,99,10,6,0,0,0,0,110
POA5277,240,13,14,5,0,0,0,270
POA5278,38,4,0,0,0,0,0,46
POA5279,46,5,3,0,0,0,0,50
POA5280,569,54,40,9,0,0,12,676
POA5290,1914,223,185,25,0,4,24,2372
POA5291,1029,68,67,13,0,0,11,1188
POA5301,38,4,0,0,0,0,0,50
POA5302,81,6,0,3,0,0,0,87
POA5303,17,0,0,0,0,0,0,20
POA5304,57,3,0,0,0,0,0,68
POA5306,4,0,0,0,0,0,0,4
POA5307,44,4,0,0,0,0,0,43
POA5308,9,0,0,0,0,0,0,16
POA5309,15,0,0,0,0,0,0,15
POA5310,3,0,0,0,0,0,0,3
POA5311,26,4,4,0,0,0,0,35
POA5320,36,0,0,0,0,0,0,40
POA5321,21,0,3,0,0,0,0,23
POA5322,85,0,3,0,0,0,0,95
POA5330,256,11,13,4,0,0,5,291
POA5331,26,0,0,0,0,0,0,26
POA5332,19,0,5,0,0,0,0,29
POA5333,501,47,29,3,0,0,9,589
POA5340,112,11,9,0,0,0,0,133
POA5341,658,69,42,6,0,0,6,782
POA5342,104,18,5,0,0,0,0,128
POA5343,337,42,20,6,0,0,0,400
POA5344,75,0,3,0,0,0,4,91
POA5345,261,27,18,0,0,0,3,310
POA5346,26,10,3,0,0,0,0,39
POA5350,74,6,0,0,0,0,0,81
POA5351,718,58,36,8,3,0,0,827
POA5352,513,47,12,0,0,0,3,577
POA5353,384,28,10,0,0,0,5,425
POA5354,11,4,0,0,0,0,0,11
POA5355,785,82,42,3,0,0,0,920
POA5356,80,11,4,0,0,0,0,93
POA5357,22,8,0,0,0,0,0,31
POA5360,151,9,6,0,0,0,0,164
POA5371,169,16,10,3,0,0,0,195
POA5372,284,22,28,4,0,0,8,344
POA5373,282,29,20,0,0,0,5,331
POA5374,117,9,6,6,0,0,0,138
POA5381,31,0,0,0,0,0,0,35
POA5400,115,8,4,0,0,0,0,126
POA5401,60,8,7,3,0,0,0,82
POA5410,23,9,6,0,0,0,0,37
POA5411,34,4,0,0,0,0,0,36
POA5412,68,9,5,3,0,0,0,82
POA5413,67,10,0,0,0,0,4,76
POA5414,11,3,0,0,0,0,0,12
POA5415,20,0,0,0,0,0,0,22
POA5416,13,0,0,0,0,0,0,20
POA5417,116,3,8,0,0,0,6,132
POA5418,12,0,0,0,0,0,0,11
POA5419,25,0,0,0,0,0,0,26
POA5420,7,0,0,0,0,0,0,10
POA5421,6,0,0,0,0,0,0,6
POA5422,60,5,5,0,0,0,5,77
POA5431,72,0,0,0,0,0,0,74
POA5432,11,0,0,0,0,0,0,18
POA5433,81,5,8,4,0,0,0,92
POA5434,25,0,0,0,0,0,0,32
POA5440,8,0,0,0,0,0,0,10
POA5451,56,3,0,0,0,0,0,59
POA5452,53,4,3,0,0,0,0,60
POA5453,451,27,19,4,0,0,4,502
POA5454,27,12,4,0,0,0,0,36
POA5455,7,0,0,0,0,0,0,7
POA5460,68,0,4,7,0,0,0,78
POA5461,221,15,17,0,0,0,0,259
POA5462,45,5,6,4,0,0,0,56
POA5464,49,7,0,0,0,0,0,61
POA5470,16,0,0,0,0,0,0,16
POA5471,6,0,0,0,0,0,0,9
POA5472,11,0,0,0,0,0,0,12
POA5473,44,3,3,0,0,0,0,50
POA5480,87,3,3,0,0,0,0,89
POA5481,32,0,0,0,0,0,0,36
POA5482,49,3,0,0,0,0,0,48
POA5483,29,4,0,0,0,0,0,36
POA5485,58,0,6,0,0,0,4,66
POA5490,20,0,0,0,0,0,0,16
POA5491,170,10,3,3,0,0,0,179
POA5493,5,0,0,0,0,0,0,3
POA5495,29,0,4,0,0,0,0,32
POA5501,887,91,66,15,4,0,11,1078
POA5502,157,16,11,4,0,0,0,189
POA5510,10,0,0,0,0,0,0,13
POA5520,31,0,0,0,0,0,0,43
POA5521,11,0,0,0,0,0,0,15
POA5522,87,4,3,0,0,0,0,98
POA5523,177,4,5,0,0,0,0,192
POA5540,1099,110,89,13,4,0,28,1350
POA5550,81,9,10,3,0,0,0,97
POA5552,36,0,0,0,0,0,0,39
POA5554,424,36,33,11,0,0,8,506
POA5555,44,7,4,0,0,0,0,47
POA5556,229,31,18,7,0,0,3,288
POA5558,283,18,20,6,0,0,3,341
POA5560,36,0,0,0,0,0,0,46
POA5570,25,3,4,0,0,0,0,30
POA5571,118,5,5,0,0,0,0,127
POA5572,19,3,0,0,0,0,0,19
POA5573,161,14,7,0,0,0,5,187
POA5575,148,8,8,0,0,0,0,173
POA5576,85,9,0,0,0,0,5,93
POA5577,35,0,4,0,0,0,0,40
POA5580,29,4,5,0,0,0,0,36
POA5581,23,3,0,0,0,0,0,23
POA5582,29,4,3,0,0,0,0,36
POA5583,36,3,4,0,0,0,0,42
POA5600,544,47,33,4,0,0,9,638
POA5601,6,0,0,0,0,0,0,6
POA5602,95,12,3,0,0,0,0,117
POA5603,41,4,6,0,0,0,0,46
POA5604,10,0,0,0,0,0,0,13
POA5605,124,12,4,0,0,0,0,143
POA5606,1091,113,81,10,3,0,11,1311
POA5607,550,23,24,9,0,0,4,601
POA5608,800,104,92,13,0,0,22,1033
POA5609,234,19,15,4,0,0,0,271
POA5611,6,0,0,0,0,0,0,8
POA5630,17,6,0,0,0,0,0,23
POA5631,111,5,8,0,0,0,0,127
POA5632,27,0,0,0,0,0,0,28
POA5633,21,0,4,0,0,0,0,24
POA5640,81,0,9,0,0,0,0,91
POA5641,93,0,0,0,0,0,0,100
POA5642,31,0,0,0,0,0,0,31
POA5650,24,0,0,0,0,0,0,23
POA5651,6,0,0,0,0,0,0,6
POA5652,58,0,7,0,0,0,0,69
POA5653,3,0,0,0,0,0,0,3
POA5654,21,0,0,0,0,0,0,22
POA5655,16,0,0,0,0,0,0,16
POA5660,3,0,0,0,0,0,0,3
POA5661,13,0,0,0,0,0,0,15
POA5670,43,3,0,0,0,0,0,46
POA5671,16,0,0,0,0,0,0,15
POA5680,175,3,7,0,0,0,0,192
POA5690,302,31,17,19,5,0,17,391
POA5700,712,68,60,8,3,6,16,884
POA5701,3,0,0,0,0,0,0,3
POA5710,214,25,17,4,0,0,0,259
POA5713,0,0,0,0,0,0,0,0
POA5715,4,0,0,0,0,0,0,5
POA5717,3,0,0,0,0,0,0,3
POA5719,5,0,0,0,0,0,0,5
POA5720,9,0,3,0,0,0,0,12
POA5722,15,5,0,0,0,0,0,15
POA5723,79,7,0,4,0,0,0,96
POA5724,6,0,0,0,0,0,0,6
POA5725,403,46,23,7,0,0,5,483
POA5730,6,0,0,0,0,0,0,12
POA5731,14,0,0,0,0,0,0,18
POA5732,4,0,0,0,0,0,0,9
POA5733,4,0,0,0,0,0,0,11
POA5734,8,0,0,0,0,0,0,15
POA5950,0,0,0,0,0,0,0,0
POA6000,524,76,5,0,0,0,0,608
POA6003,150,23,0,0,0,0,0,183
POA6004,530,88,9,0,0,0,0,628
POA6005,257,36,4,0,0,0,0,297
POA6006,942,96,15,4,0,0,4,1057
POA6007,630,79,7,0,0,0,0,719
POA6008,1548,143,21,5,0,0,0,1724
POA6009,2035,167,40,11,0,0,0,2252
POA6010,2021,207,41,3,5,0,6,2284
POA6011,980,114,25,0,0,0,3,1118
POA6012,974,106,19,0,0,0,3,1104
POA6014,2759,220,46,12,0,0,3,3034
POA6015,881,98,20,7,0,0,3,1001
POA6016,1335,112,12,11,0,0,4,1474
POA6017,308,35,8,0,0,0,0,357
POA6018,4702,562,92,17,5,0,6,5392
POA6019,2200,334,57,9,5,0,5,2605
POA6020,2751,320,53,11,0,0,11,3149
POA6021,2331,221,57,14,4,0,9,2628
POA6022,554,87,24,9,0,0,4,679
POA6023,2070,260,66,10,6,0,6,2414
POA6024,1449,215,65,9,6,0,13,1757
POA6025,3626,519,109,22,5,0,10,4285
POA6026,2760,377,87,17,0,0,14,3261
POA6027,4453,810,191,30,0,4,19,5516
POA6028,3112,479,100,17,7,0,14,3735
POA6029,378,37,3,0,0,0,0,417
POA6030,4058,787,270,39,10,4,23,5193
POA6031,2224,437,146,26,9,4,15,2852
POA6032,14,3,0,0,0,0,0,24
POA6033,51,4,7,0,0,0,0,59
POA6034,397,104,39,0,0,0,0,550
POA6035,1005,288,99,11,3,0,7,1406
POA6036,1804,413,126,19,4,0,9,2377
POA6037,316,125,33,4,0,0,0,479
POA6038,1120,280,97,8,3,0,0,1518
POA6041,106,32,10,0,3,0,0,151
POA6042,0,0,0,0,0,0,0,0
POA6043,7,0,0,0,0,0,0,7
POA6044,51,21,5,0,0,0,6,88
POA6050,1495,156,25,8,0,0,0,1686
POA6051,906,110,17,3,0,0,0,1040
POA6052,1265,137,27,6,0,0,3,1441
POA6053,1599,194,36,8,0,0,9,1850
POA6054,1890,302,94,17,0,0,7,2313
POA6055,3934,609,166,66,9,0,17,4792
POA6056,3235,700,206,58,15,6,46,4256
POA6057,1524,316,102,15,5,3,9,1969
POA6058,1158,234,66,17,3,0,5,1485
POA6059,2637,239,69,24,4,0,6,2979
POA6060,2124,232,51,17,3,0,8,2430
POA6061,3638,409,121,52,7,5,23,4245
POA6062,3397,455,102,37,12,0,18,4015
POA6063,1661,200,74,34,5,4,11,1994
POA6064,3056,374,150,48,4,0,31,3654
POA6065,8668,1289,387,94,12,4,38,10489
POA6066,2046,277,95,32,9,0,9,2473
POA6067,0,0,0,0,0,0,0,0
POA6068,0,0,0,0,0,0,0,0
POA6069,5053,1045,340,76,19,12,29,6574
POA6070,430,74,18,3,0,0,6,533
POA6071,392,64,11,0,0,0,4,470
POA6072,75,19,3,0,4,0,0,109
POA6073,284,54,16,3,0,0,4,362
POA6074,95,30,3,3,0,0,0,133
POA6076,2341,389,96,20,9,0,14,2871
POA6077,149,21,5,6,0,0,3,180
POA6078,101,10,7,0,0,0,0,119
POA6079,0,0,0,0,0,0,0,4
POA6081,565,122,23,6,3,0,5,726
POA6082,312,95,20,0,0,0,4,445
POA6083,365,74,17,4,0,0,0,465
POA6084,833,225,82,15,7,3,8,1167
POA6090,0,0,0,0,0,0,0,0
POA6100,1227,184,22,5,0,0,7,1441
POA6101,1511,172,41,10,0,0,13,1749
POA6102,810,100,23,13,0,0,4,961
POA6103,763,92,22,8,0,0,6,889
POA6104,1177,180,46,13,4,0,0,1424
POA6105,1453,191,40,23,4,0,16,1734
POA6106,0,0,0,0,0,0,0,0
POA6107,5182,541,160,65,10,6,41,6001
POA6108,2460,355,119,34,10,4,23,2999
POA6109,1318,175,52,21,4,0,10,1578
POA6110,4845,718,224,75,14,4,36,5908
POA6111,2038,414,123,16,12,3,30,2634
POA6112,7973,1287,420,110,20,9,47,9865
POA6121,372,67,15,7,0,0,0,461
POA6122,2420,538,207,37,11,0,21,3241
POA6123,207,52,24,0,0,0,0,284
POA6124,111,27,5,4,0,0,0,150
POA6125,305,75,21,9,0,0,0,414
POA6126,14,9,3,0,0,0,0,23
POA6147,1565,175,52,23,0,0,15,1833
POA6148,2377,213,42,21,0,4,7,2667
POA6149,2431,268,45,18,0,0,3,2770
POA6150,1559,160,34,17,4,0,5,1775
POA6151,1567,173,29,4,4,0,5,1774
POA6152,2360,288,44,13,0,0,7,2717
POA6153,2495,280,45,15,5,0,3,2836
POA6154,1242,135,39,11,0,0,6,1431
POA6155,7462,841,178,84,12,7,22,8607
POA6156,1998,273,61,12,0,0,6,2348
POA6157,1436,190,41,6,0,0,0,1668
POA6158,840,126,21,0,0,0,5,987
POA6159,295,38,5,8,0,0,3,347
POA6160,568,93,9,0,0,0,0,681
POA6161,5,0,0,0,0,0,0,3
POA6162,1122,151,25,12,0,0,0,1306
POA6163,4895,724,145,49,3,0,28,5850
POA6164,7966,1216,329,68,15,7,39,9638
POA6165,0,0,0,0,0,0,0,3
POA6166,1231,192,48,10,0,0,4,1487
POA6167,2503,515,174,29,5,3,25,3256
POA6168,1430,385,130,24,10,0,21,2005
POA6169,2868,726,223,42,7,0,31,3905
POA6170,1974,366,126,39,5,0,11,2521
POA6171,3938,1076,353,38,8,6,25,5444
POA6172,1220,353,102,17,13,7,24,1731
POA6173,1445,380,116,12,6,0,12,1968
POA6174,526,142,37,6,0,0,3,723
POA6175,411,101,33,5,0,0,4,560
POA6176,220,69,15,3,0,0,0,314
POA6180,611,207,57,10,0,0,6,888
POA6181,63,5,4,0,0,0,0,70
POA6182,0,0,0,0,0,0,0,0
POA6207,121,34,8,0,0,0,5,165
POA6208,848,290,87,15,0,5,29,1274
POA6209,138,31,11,3,0,0,4,189
POA6210,5010,1509,374,53,20,7,69,7040
POA6211,648,222,57,12,6,0,4,949
POA6213,46,11,4,0,0,0,3,64
POA6214,63,18,6,0,0,0,3,87
POA6215,313,84,20,9,0,0,7,434
POA6218,33,7,8,0,0,0,0,49
POA6219,55,8,5,0,0,0,4,66
POA6220,374,58,26,3,0,0,0,474
POA6221,23,7,0,0,0,0,0,30
POA6223,14,3,0,0,0,0,0,26
POA6224,92,21,13,3,0,0,0,131
POA6225,632,149,59,18,9,0,15,873
POA6226,97,26,6,0,0,0,0,132
POA6227,93,17,0,0,0,0,0,117
POA6228,11,0,0,0,0,0,0,13
POA6229,8,0,0,0,0,0,0,7
POA6230,3462,732,235,44,13,4,32,4515
POA6232,1014,236,82,18,3,0,11,1360
POA6233,1942,433,129,23,6,3,15,2550
POA6236,208,32,9,5,0,0,6,258
POA6237,262,45,14,0,0,0,0,324
POA6239,366,80,23,7,0,0,0,471
POA6240,14,0,0,0,0,0,0,15
POA6243,10,0,0,0,0,0,0,12
POA6244,123,14,6,0,0,0,0,144
POA6251,28,7,0,0,0,0,0,30
POA6252,10,3,0,0,0,0,0,14
POA6253,34,9,3,0,0,0,0,43
POA6254,31,6,4,0,0,0,0,40
POA6255,318,65,27,3,0,0,0,406
POA6256,40,8,0,3,0,0,0,47
POA6258,494,84,32,9,0,0,3,615
POA6260,105,13,3,0,5,0,0,127
POA6262,42,11,5,0,0,0,0,56
POA6271,276,75,20,0,0,0,4,374
POA6275,85,20,11,0,0,0,0,114
POA6280,2369,574,157,25,7,0,17,3157
POA6281,786,169,27,3,0,0,4,987
POA6282,149,26,6,0,0,0,0,178
POA6284,308,48,12,0,3,0,0,371
POA6285,948,189,40,0,0,0,5,1188
POA6286,71,9,0,0,0,0,0,87
POA6288,42,16,0,0,0,0,0,61
POA6290,93,24,0,0,0,0,5,115
POA6302,204,42,15,5,0,0,8,270
POA6304,114,27,3,0,5,0,8,145
POA6306,75,8,4,0,0,0,0,93
POA6308,105,16,7,0,0,0,0,135
POA6309,17,9,0,0,0,0,0,23
POA6311,41,8,4,0,0,0,0,58
POA6312,326,38,10,4,3,0,8,381
POA6313,26,0,0,0,0,0,0,26
POA6315,115,18,10,6,0,0,0,149
POA6316,39,4,6,0,0,0,0,46
POA6317,317,36,15,3,0,0,6,380
POA6318,47,3,0,0,0,0,0,49
POA6320,44,3,3,0,0,0,0,56
POA6321,35,8,0,0,0,0,0,37
POA6322,25,0,0,0,0,0,0,27
POA6323,62,18,9,0,0,0,4,89
POA6324,283,47,15,4,0,0,6,356
POA6326,38,6,0,0,0,0,3,50
POA6327,27,8,4,0,0,0,0,35
POA6328,35,3,3,0,0,0,0,42
POA6330,2884,546,168,36,7,5,36,3680
POA6333,451,89,24,0,0,0,0,561
POA6335,81,6,4,0,0,0,0,89
POA6336,29,5,0,0,0,0,0,34
POA6337,49,8,3,0,0,0,4,63
POA6338,60,8,6,0,0,0,0,74
POA6341,38,0,0,0,0,0,0,39
POA6343,33,0,0,0,0,0,0,32
POA6346,66,6,6,0,0,0,0,79
POA6348,76,13,7,0,0,0,0,87
POA6350,16,6,4,0,0,0,0,22
POA6351,9,0,0,0,0,0,0,9
POA6352,10,3,0,0,0,0,0,16
POA6353,82,3,7,0,0,0,0,96
POA6355,44,0,0,0,0,0,0,49
POA6356,9,0,0,0,0,0,0,13
POA6357,3,0,0,0,0,0,0,6
POA6358,6,0,0,0,0,0,0,13
POA6359,32,0,0,0,0,0,0,35
POA6361,8,0,0,0,0,0,0,7
POA6363,9,0,0,0,0,0,0,13
POA6365,44,4,3,0,0,0,0,56
POA6367,20,0,0,0,0,0,0,25
POA6368,10,3,0,0,0,0,0,6
POA6369,56,5,0,0,0,0,0,57
POA6370,39,3,0,0,0,0,0,36
POA6372,4,0,0,0,0,0,0,4
POA6373,15,0,0,0,0,0,0,15
POA6375,55,9,5,0,0,0,0,78
POA6383,41,11,0,0,0,0,0,60
POA6384,4,0,0,0,0,0,0,4
POA6385,0,0,0,0,0,0,0,0
POA6386,11,0,0,0,0,0,0,6
POA6390,139,35,9,3,0,0,0,181
POA6391,96,8,8,0,0,0,0,110
POA6392,36,0,0,0,0,0,0,36
POA6393,14,0,0,0,0,0,0,12
POA6394,42,7,0,0,0,0,0,48
POA6395,139,14,6,0,0,0,3,171
POA6396,43,0,0,0,0,0,0,43
POA6397,4,0,0,0,0,0,0,8
POA6398,20,6,0,0,0,0,0,31
POA6401,514,108,41,9,0,0,14,688
POA6403,11,6,0,0,0,0,0,14
POA6405,27,6,4,0,0,0,0,36
POA6407,87,8,4,0,0,0,3,102
POA6409,34,5,0,0,0,0,0,38
POA6410,54,12,9,0,0,0,0,73
POA6411,10,0,0,0,0,0,0,10
POA6412,10,0,0,0,0,0,0,10
POA6413,8,0,0,0,0,0,0,8
POA6414,6,0,0,0,0,0,0,6
POA6415,203,36,15,8,0,0,3,260
POA6418,60,9,0,0,0,0,0,65
POA6419,4,0,0,0,0,0,0,3
POA6420,11,0,0,0,0,0,0,11
POA6421,20,0,0,0,0,0,0,20
POA6422,9,0,0,0,0,0,0,9
POA6423,8,0,0,0,0,0,0,8
POA6424,7,0,0,0,0,0,0,4
POA6425,9,0,0,0,0,0,0,9
POA6426,44,5,3,0,0,0,0,45
POA6427,0,0,0,0,0,0,0,0
POA6428,3,0,0,0,0,0,0,3
POA6429,39,11,4,0,0,0,0,60
POA6430,2114,377,129,24,7,0,24,2678
POA6431,40,3,0,4,0,3,5,53
POA6432,467,100,56,8,0,0,3,632
POA6434,0,0,0,0,0,0,0,0
POA6436,9,0,0,0,0,0,0,7
POA6437,44,8,4,0,0,0,0,50
POA6438,21,10,3,0,0,0,0,35
POA6440,21,4,0,3,0,0,6,35
POA6442,177,30,11,6,0,0,9,231
POA6443,19,7,4,0,0,0,0,27
POA6445,15,0,5,0,0,0,0,20
POA6446,13,0,0,0,0,0,0,13
POA6447,19,0,0,0,0,0,0,24
POA6448,25,3,0,0,0,0,0,35
POA6450,1018,171,66,13,4,0,9,1284
POA6452,0,0,0,0,0,0,0,0
POA6460,49,12,4,0,0,0,0,65
POA6461,41,5,3,0,0,0,0,49
POA6462,15,3,0,0,0,0,0,18
POA6463,7,0,0,0,0,0,0,7
POA6465,4,0,0,0,0,0,0,4
POA6466,4,0,0,0,0,0,0,5
POA6467,3,0,0,0,0,0,0,3
POA6468,18,0,0,0,0,0,0,25
POA6470,3,0,0,0,0,0,0,0
POA6472,15,3,0,0,0,0,0,15
POA6473,9,0,0,0,0,0,0,9
POA6475,23,0,0,0,0,0,0,34
POA6476,3,0,0,0,0,0,0,3
POA6477,12,0,0,0,0,0,0,20
POA6479,48,4,0,0,0,0,0,58
POA6480,6,0,0,0,0,0,0,3
POA6484,0,0,0,0,0,0,0,0
POA6485,20,3,0,0,0,0,0,28
POA6487,3,0,0,0,0,0,0,3
POA6488,8,0,0,0,0,0,0,9
POA6489,3,0,0,0,0,0,0,7
POA6490,19,0,0,0,0,0,0,21
POA6501,85,15,7,0,0,0,0,115
POA6502,79,24,4,0,0,0,0,112
POA6503,191,34,8,5,0,0,4,238
POA6504,16,4,0,0,0,0,0,19
POA6505,17,0,0,0,0,0,0,18
POA6506,4,0,0,0,0,0,0,4
POA6507,41,3,0,0,0,0,0,42
POA6509,13,0,0,0,0,0,0,16
POA6510,127,27,0,3,0,0,0,168
POA6511,30,8,0,0,0,0,0,38
POA6512,9,0,0,0,0,0,0,9
POA6513,13,0,3,0,0,0,0,21
POA6514,27,3,4,0,0,0,0,32
POA6515,23,3,4,0,0,0,0,29
POA6516,103,38,9,0,0,0,0,152
POA6517,34,0,0,0,0,0,0,35
POA6518,12,4,0,0,0,0,0,9
POA6519,41,10,0,0,0,0,0,57
POA6521,25,0,0,0,0,0,0,28
POA6522,40,3,0,0,0,0,0,47
POA6525,238,52,18,3,0,0,5,316
POA6528,27,3,0,0,0,0,0,40
POA6530,2368,549,168,35,8,9,35,3168
POA6532,622,173,28,10,0,0,8,848
POA6535,86,17,4,0,0,0,4,114
POA6536,85,25,4,0,0,0,0,105
POA6537,57,12,0,0,0,0,0,72
POA6556,174,53,10,4,0,0,0,242
POA6558,67,16,3,4,0,0,0,88
POA6560,100,19,6,4,0,0,6,136
POA6562,107,34,8,0,0,0,0,152
POA6564,19,5,0,0,0,0,0,30
POA6566,164,58,5,3,0,0,7,245
POA6567,29,16,0,0,0,0,0,44
POA6568,20,0,3,0,0,0,0,23
POA6569,19,5,3,0,0,0,0,23
POA6571,8,0,0,0,0,0,0,8
POA6572,8,0,0,0,0,0,0,6
POA6574,12,0,0,0,0,0,0,13
POA6575,11,0,0,0,0,0,0,11
POA6603,85,6,5,0,0,0,0,100
POA6605,7,0,0,0,0,0,0,7
POA6606,9,3,0,0,0,0,0,10
POA6608,13,0,0,0,0,0,0,16
POA6609,84,13,0,0,0,0,0,98
POA6612,13,0,0,0,0,0,0,13
POA6613,4,0,0,0,0,0,0,4
POA6614,0,0,0,0,0,0,0,0
POA6616,8,0,0,0,0,0,0,8
POA6620,22,0,0,0,0,0,0,26
POA6623,39,11,0,0,0,0,0,50
POA6625,10,0,0,0,0,0,0,10
POA6627,0,0,0,0,0,0,0,4
POA6628,0,0,0,0,0,0,0,0
POA6630,27,3,0,4,0,0,0,33
POA6631,0,0,0,0,0,0,0,0
POA6632,8,0,0,0,0,0,0,8
POA6635,5,0,0,0,0,0,0,13
POA6638,13,0,0,0,0,0,0,18
POA6639,0,0,0,0,0,0,0,0
POA6640,3,0,0,0,0,0,0,3
POA6642,40,5,0,0,0,0,4,52
POA6646,6,0,0,0,0,0,0,9
POA6701,308,55,25,11,4,0,6,408
POA6705,10,0,0,4,0,0,0,18
POA6707,244,53,10,0,0,0,3,308
POA6710,75,5,0,0,0,0,0,86
POA6712,0,0,0,0,0,0,0,0
POA6713,163,23,5,0,0,0,0,193
POA6714,1760,271,102,15,3,0,6,2169
POA6716,17,5,3,0,0,0,0,24
POA6718,33,9,3,4,0,0,3,49
POA6720,229,28,16,6,0,0,6,285
POA6721,406,73,25,8,0,0,4,512
POA6722,929,169,99,20,11,3,11,1234
POA6725,840,152,51,15,9,6,24,1100
POA6726,422,68,14,4,8,0,13,531
POA6728,275,40,11,28,4,5,13,380
POA6740,80,15,6,8,0,0,0,107
POA6743,412,74,15,26,0,0,11,538
POA6751,317,46,35,3,0,0,0,402
POA6753,427,74,44,14,0,0,5,562
POA6754,81,26,0,0,0,0,0,116
POA6758,9,0,0,0,0,0,0,7
POA6760,17,4,0,3,0,0,3,26
POA6762,10,0,0,4,0,0,9,22
POA6765,103,7,11,18,0,0,9,148
POA6770,186,27,13,20,8,0,11,262
POA7000,1121,87,31,4,0,0,7,1247
POA7004,605,43,23,5,0,0,4,675
POA7005,1157,60,19,7,3,0,5,1243
POA7007,354,28,20,0,0,0,0,402
POA7008,1263,104,42,6,0,0,10,1419
POA7009,1107,115,67,19,0,0,6,1317
POA7010,1353,154,97,27,0,0,12,1648
POA7011,1228,192,101,17,4,0,16,1564
POA7012,75,14,4,3,0,0,0,100
POA7015,955,97,46,7,5,0,6,1106
POA7016,188,26,29,3,0,0,4,246
POA7017,688,81,47,8,0,0,4,827
POA7018,2140,215,104,19,0,0,16,2493
POA7019,576,86,67,12,3,0,3,744
POA7020,332,21,16,5,0,0,5,370
POA7021,296,28,12,0,0,0,3,342
POA7022,87,12,6,0,0,0,0,103
POA7023,25,3,0,0,0,0,0,30
POA7024,72,9,0,0,0,0,0,86
POA7025,187,12,9,0,0,0,0,209
POA7026,105,12,9,0,0,0,3,139
POA7027,19,5,3,0,0,0,0,27
POA7030,1629,217,213,26,9,3,19,2113
POA7050,1326,159,78,16,0,0,6,1583
POA7052,825,59,34,6,0,0,5,938
POA7053,413,25,13,0,4,0,0,455
POA7054,1143,81,72,9,3,0,3,1321
POA7055,56,3,11,0,0,0,0,67
POA7109,919,90,73,3,4,0,7,1098
POA7112,256,31,20,6,0,0,3,312
POA7113,92,10,8,0,0,0,0,112
POA7116,200,13,22,3,0,0,6,243
POA7117,54,8,9,0,0,0,0,65
POA7119,4,0,0,0,0,0,0,6
POA7120,141,15,10,0,0,0,0,163
POA7139,0,0,0,0,0,0,0,0
POA7140,954,109,91,20,3,0,7,1192
POA7150,303,28,16,0,0,0,0,350
POA7155,92,4,0,0,0,0,0,94
POA7162,55,3,0,0,0,0,0,61
POA7163,28,0,0,0,0,0,0,35
POA7170,714,60,35,9,0,0,4,826
POA7171,322,55,28,0,0,0,4,413
POA7172,382,49,34,4,0,0,8,469
POA7173,598,92,51,3,5,0,5,756
POA7174,20,0,5,0,0,0,0,26
POA7175,16,0,0,0,0,0,0,16
POA7176,17,4,0,0,0,0,0,20
POA7177,38,6,0,0,0,0,0,47
POA7178,20,0,0,0,0,0,0,24
POA7179,29,7,0,0,0,0,0,34
POA7180,4,0,0,0,0,0,0,6
POA7182,8,0,0,0,0,0,0,8
POA7183,0,0,0,0,0,0,0,0
POA7184,42,10,6,0,0,0,0,57
POA7185,7,0,0,0,0,0,0,7
POA7186,17,0,0,0,0,0,0,19
POA7187,8,0,0,0,0,0,0,9
POA7190,195,19,8,0,0,0,5,238
POA7209,25,4,5,0,0,0,0,31
POA7210,72,5,0,0,0,0,0,82
POA7211,19,0,4,0,0,0,0,26
POA7212,163,17,6,0,0,0,5,192
POA7213,20,0,0,0,0,0,0,19
POA7214,49,4,4,0,0,0,0,56
POA7215,254,27,11,0,0,0,8,300
POA7216,214,21,8,3,0,0,6,250
POA7248,1165,131,112,20,6,5,14,1446
POA7249,1140,114,94,10,0,0,10,1366
POA7250,4478,433,241,30,7,4,20,5219
POA7252,296,18,11,6,0,0,0,334
POA7253,316,30,45,8,0,0,3,398
POA7254,47,3,4,0,0,0,0,49
POA7255,57,0,5,0,0,0,0,60
POA7256,119,9,6,0,0,0,0,137
POA7257,3,0,0,0,0,0,0,3
POA7258,120,6,4,0,0,0,0,132
POA7259,50,10,3,0,0,0,0,60
POA7260,268,20,19,0,0,0,0,310
POA7261,11,0,0,0,0,0,0,21
POA7262,127,9,11,0,0,0,0,150
POA7263,50,7,3,0,0,0,0,61
POA7264,28,0,4,0,0,0,0,37
POA7265,13,0,0,0,0,0,0,11
POA7267,81,12,0,0,0,0,0,94
POA7268,114,7,4,0,0,0,3,125
POA7270,272,40,25,0,0,0,3,340
POA7275,296,27,15,0,0,0,0,339
POA7276,60,7,3,0,0,0,0,68
POA7277,700,67,37,3,0,0,0,808
POA7290,254,30,18,6,0,0,0,303
POA7291,90,8,5,0,0,0,0,104
POA7292,70,5,3,0,0,0,0,78
POA7300,383,43,29,0,0,0,4,464
POA7301,365,50,31,0,0,0,5,447
POA7302,164,10,9,0,0,0,0,184
POA7303,248,18,13,0,0,0,3,286
POA7304,499,56,23,8,0,0,3,583
POA7305,89,11,12,4,0,0,0,121
POA7306,350,42,15,0,3,0,0,416
POA7307,932,104,78,4,0,4,9,1135
POA7310,2118,327,178,13,9,3,26,2676
POA7315,1226,157,75,8,5,0,18,1483
POA7316,543,71,48,0,0,0,4,668
POA7320,1303,181,120,10,0,0,14,1634
POA7321,470,48,28,8,0,0,7,565
POA7322,289,31,22,0,0,0,6,351
POA7325,725,60,56,13,0,0,8,856
POA7330,531,59,55,0,0,0,6,654
POA7331,39,4,5,0,0,0,0,52
POA7466,0,4,0,0,0,0,0,6
POA7467,108,12,11,0,0,0,0,137
POA7468,48,8,3,0,0,0,0,58
POA7469,51,5,5,0,0,0,0,59
POA7470,34,8,3,0,0,0,0,46
POA0800,329,56,6,0,0,0,4,399
POA0810,3332,493,118,69,11,4,28,4058
POA0812,1741,279,89,45,0,0,14,2174
POA0820,1592,281,50,11,0,0,11,1949
POA0822,2019,191,97,235,31,28,58,2659
POA0828,141,16,7,5,0,0,4,173
POA0829,18,0,0,0,0,0,0,18
POA0830,1540,319,132,35,10,9,14,2052
POA0832,1928,399,160,41,0,5,10,2546
POA0834,188,15,21,7,0,0,0,224
POA0835,323,55,17,6,0,0,0,401
POA0836,768,156,46,8,0,5,7,986
POA0837,32,5,0,0,0,0,0,42
POA0838,71,16,4,6,0,0,6,105
POA0839,23,7,3,0,0,0,0,32
POA0840,9,0,4,0,0,0,0,13
POA0841,33,8,8,0,0,0,0,57
POA0845,9,5,0,0,0,0,0,17
POA0846,8,6,0,0,0,0,0,17
POA0847,15,3,0,5,0,0,4,22
POA0850,500,104,45,24,7,6,21,711
POA0852,598,45,32,76,17,17,16,801
POA0853,89,18,3,0,0,0,0,107
POA0854,38,3,4,16,3,0,3,69
POA0860,178,27,14,12,8,4,3,251
POA0862,30,4,3,3,0,0,5,46
POA0870,1679,269,93,47,10,7,26,2129
POA0872,942,76,46,146,24,17,71,1322
POA0873,180,27,14,4,4,0,3,242
POA0874,55,6,4,0,0,0,0,65
POA0875,199,29,15,5,0,0,5,267
POA0880,438,59,33,15,3,4,6,554
POA0885,84,9,5,0,0,0,0,102
POA0886,52,8,0,0,0,0,0,59
POA2600,799,36,20,5,0,0,0,862
POA2601,92,9,0,0,0,0,0,102
POA2602,3322,183,77,17,0,0,11,3605
POA2603,1059,61,21,3,0,0,5,1146
POA2604,991,78,16,0,0,0,0,1086
POA2605,1536,79,24,7,3,0,0,1653
POA2606,1082,64,14,9,0,0,3,1170
POA2607,1678,99,50,14,0,0,9,1850
POA2609,43,5,0,0,0,0,0,52
POA2611,4352,282,118,35,4,0,7,4792
POA2612,1035,63,20,0,0,0,0,1123
POA2614,2201,141,49,19,0,0,9,2424
POA2615,5448,440,253,52,4,3,28,6224
POA2617,3332,221,85,23,0,0,14,3671
POA2618,173,12,4,0,0,0,0,197
POA2900,235,33,6,0,0,0,5,281
POA2902,1599,162,85,16,4,0,9,1878
POA2903,1052,90,62,9,0,0,10,1216
POA2904,1581,126,60,20,0,0,10,1800
POA2905,3307,275,180,31,5,0,17,3821
POA2906,2149,195,123,29,0,0,8,2508
POA2911,701,31,21,5,0,0,4,760
POA2912,856,67,26,13,0,0,0,961
POA2913,5048,325,171,48,7,0,20,5618
POA2914,5030,301,161,37,3,9,16,5558
POA2899,143,19,10,3,0,0,0,171
POA6798,133,11,4,0,0,0,0,149
POA6799,70,3,0,0,0,0,0,77
POA9494,0,0,0,0,0,0,0,0
POA9797,0,0,0,0,0,0,0,0
