overall_rank,index,merchant_abn,name,tags,tag,numd_sa2_code,returning_customers,unique_customers,median_weekly_income,commission_avg_tot_dollar_value_monthly,avg_num_order_id_monthly,avg_discounted_value,stddev_tot_dollar_value_monthly,rate_fraud_order,stddev_tot_discounted_value_daily,minmax_numd_sa2_code,minmax_returning_customers,minmax_unique_customers,minmax_median_weekly_income,minmax_commission_avg_tot_dollar_value_monthly,minmax_avg_num_order_id_monthly,minmax_avg_discounted_value,minmax_stddev_tot_dollar_value_monthly,minmax_rate_fraud_order,minmax_stddev_tot_discounted_value_daily,average_minmax
1,1843,86578477987,Leo In Consulting,"[[watch, clock, and jewelry repair shops], [a], [take rate: 6.43]]","watch, clock, and jewelry repair shops",2222.0,24058.0,24081.0,815.6864322492213,29204.23284044643,12911.52380952381,32.95936651830507,129955.53271520043,0.06269871135876595,3201.5788540373537,0.0,0.00041548944656810693,0.0,0.9001293440956394,0.01804496552903667,0.05694659409074321,0.9869787314145105,0.9466000761403855,0.013725358861594998,0.6965840692507116,0.36194246288291904
2,460,49891706470,Non Vestibulum Industries,"((teNt and awning shops), (a), (take rate: 5.80))",tent and awning shops,2222.0,24037.0,24078.0,815.7038941723725,19807.26048568961,11786.952380952382,27.155715086617946,98783.1714347007,0.06257732847839587,2441.7694068632127,0.0,0.0012880172843610094,0.0001245847176080117,0.9001247570468377,0.33400616070751166,0.13908491730866213,0.990122150926077,0.7195396428900108,0.010931970187460695,0.5312683982341259,0.3626490599302655
3,1586,63290521567,Vehicula Pellentesque Corporation,"((artist supply and craft shops), (a), (take rate: 6.48))",artist supply and craft shops,2222.0,23346.0,24058.0,815.6636968011687,13544.915031790197,8017.857142857143,24.42820787483233,60940.11528091675,0.06253909402719772,1570.285174539906,0.0,0.029998338042213746,0.00095514950166109,0.9001353164395125,0.5445695293687949,0.41437838025842133,0.9915994449173484,0.44388966410025227,0.010052079360904199,0.34165506665115847,0.3677232968640267
4,1405,45629217853,Lacus Consulting,"[[gift, Card, novelty, and souvenir shops], [a], [take rate: 6.98]]","gift, card, novelty, and souvenir shops",2222.0,23945.0,24080.0,815.6794424831187,27867.9316098735,10319.190476190477,36.23711900208135,117865.56256567923,0.06275484919583503,3012.1807803314628,0.0,0.005110520192787127,4.152823920267057e-05,0.9001311802277737,0.0629763879053683,0.24628975879519333,0.9852034092345234,0.8585363636922801,0.015017260963283856,0.6553757508224701,0.37286821600728826
5,882,89726005175,Est Nunc Consulting,"((tent and awning shops), (a), (take rate: 6.01))",tent and awning shops,2222.0,23930.0,24079.0,815.688162328493,25495.907131405227,10280.47619047619,38.66216306178565,123064.78931940052,0.06281600457945764,3062.9216736873595,0.0,0.005733754362639232,8.305647840534114e-05,0.9001288896234726,0.14273268183870602,0.2491174373510947,0.9838899377238013,0.8964076904308611,0.01642463204768141,0.6664157094124935,0.38609337892691553
6,2586,64203420245,Pede Nonummy Corp.,"((tent and awning shops), (c), (take rate: 2.86))",tent and awning shops,2222.0,24055.0,24081.0,815.6864322492213,10281.62540876627,12418.095238095239,27.13332290302455,104134.79557100356,0.06259078260833918,2559.5540793348105,0.0,0.0005401362805385057,0.0,0.9001293440956394,0.6542934756122059,0.09298645288071927,0.990134279157354,0.7585210368257419,0.011241590572884111,0.5568954185844641,0.39647417340095475
7,3204,24852446429,Erat Vitae LLP,"[(florists supplies, nursery stock, and floWers), (c), (take rate: 2.94)]","florists supplies, nursery stock, and flowers",2222.0,24068.0,24080.0,815.6885761002283,12174.830338189835,13691.190476190477,28.34431593525243,119434.40677376435,0.06261057921576053,2941.8687396111036,0.0,0.0,4.152823920267057e-05,0.9001287809303392,0.5906368775468036,0.0,0.9894783715497584,0.8699638729009903,0.011697170624934975,0.640077596481981,0.400202419827401
8,2369,46804135891,Suspendisse Dui Corporation,"((opticians, optical goods, and eyeglasses), (c), (take rate: 2.93))","opticians, optical goods, and eyeglasses",2222.0,23945.0,24078.0,815.6879575405003,9807.500449236097,10482.57142857143,29.913455133990453,96557.04817720012,0.06265639906284541,2464.906198043605,0.0,0.005110520192787127,0.0001245847176080117,0.9001289434189514,0.6702353219028642,0.2343564683581726,0.9886284819876896,0.7033244929766478,0.012751624445005999,0.5363023895504783,0.4050962827550205
9,373,43186523025,Lorem Ipsum Sodales Industries,"([florists supplies, nurSery stock, and flowers], [b], [take rate: 4.47])","florists supplies, nursery stock, and flowers",2222.0,23814.0,24076.0,815.7052122146209,19246.31151132075,9564.095238095239,42.1759668800156,125497.79234946598,0.06287095572585859,3173.0171746986925,0.0,0.01055343194282865,0.00020764119601324182,0.9001244108121152,0.3528673536199294,0.30144166391318716,0.9819867635562877,0.9141297589368399,0.017689224793537222,0.6903697569612395,0.4169370005731978
10,3690,68216911708,Placerat Eget Venenatis Limited,"[[computers, computer peripheral equipment, and software], [c], [take rate: 3.05]]","computers, computer peripheral equipment, and software",2222.0,23576.0,24064.0,815.6804708071518,10112.345455155195,8484.42857142857,36.606097835590724,95475.61000696811,0.06277906953308265,2375.771640220499,0.0,0.020442080771148397,0.0007059800664451776,0.9001309100987345,0.6599852978761753,0.380300158252613,0.9850035600054199,0.6954472642592975,0.015574644471938015,0.5169089228173434,0.41744988186191156
11,2923,91923722701,Euismod Urna Institute,"((tent and awning shops), (b), (take rate: 5.05))",tent and awning shops,2222.0,12873.0,22731.0,813.4092113160408,2583.2266665663637,3255.4285714285716,14.730380522156313,14883.444608978374,0.06233231708173763,403.44318127331263,0.0,0.46514043543294004,0.05606312292358806,0.9007275441599878,0.9131423022041723,0.762224579587152,0.9968520587379794,0.10841146587398998,0.005293513937516419,0.08777921948366846,0.4295634242340995
12,2588,64403598239,Lobortis Ultrices Company,"((music shops - musical instruments, pianos, and sheet music), (a), (take rate: 6.31))","music shops - musical instruments, pianos, and sheet music",2222.0,20521.0,23875.0,815.8917058514314,26662.55791011827,5406.714285714285,73.15670734035126,121148.14382249556,0.0635076782895161,3066.0822552618993,0.0,0.1473741066976899,0.008554817275747473,0.9000754210527488,0.1035055392568216,0.6050953863276699,0.9652067302975559,0.8824467859937994,0.03234214448422036,0.6671033734916135,0.43117043048778675
13,2681,72472909171,Nullam Consulting,"([digiTal goods: books, movies, music], [a], [take rate: 6.33])","digital goods: books, movies, music",2222.0,19097.0,23744.0,815.5433494805515,21518.72350535362,4840.238095238095,65.73975105942776,98358.96169819769,0.06333250248394348,2570.367088995914,0.0,0.2065398038889812,0.013995016611295652,0.9001669303131988,0.276460402267234,0.64647061892423,0.9692239607195271,0.7164496861911047,0.02831081725111319,0.5592480610193303,0.43168652971860155
14,1536,57900494384,Porttitor Tellus Corporation,"[[tent and awning shops], [a], [take rate: 6.39]]",tent and awning shops,2222.0,12136.0,22469.0,817.2260398931891,4220.283827189734,3081.714285714286,20.08858933550483,18897.80192956304,0.06240860575487842,504.38479939372456,0.0,0.4957620076450058,0.06694352159468442,0.8997249066612766,0.8580983457553478,0.7749126132549606,0.9939499033743809,0.13765216741186062,0.007049147968167962,0.10974160938963562,0.43438342230553206
15,1777,80324045558,Ipsum Dolor Sit Corporation,"[(gift, card, novelty, and souvenir shops), (c), (take rate: 1.47)]","gift, card, novelty, and souvenir shops",2222.0,23653.0,24070.0,815.7211213818098,5047.513007814781,8901.0,36.12878906342067,98397.6023134805,0.06278442089171817,2480.236572230373,0.0,0.017242812032574384,0.00045681063122926524,0.9001202316546617,0.8302838209563586,0.349873919621585,0.9852620837512275,0.7167311456149907,0.015697795484322055,0.539637898348173,0.4355306518095122
16,939,96152467973,Rhoncus Donec Associates,"[[tent and awning shops], [b], [take rate: 4.45]]",tent and awning shops,2222.0,12353.0,22515.0,817.6450977014566,2968.026946669769,3131.4761904761904,19.96367709118261,19430.381455198014,0.062468029208119676,549.0325736228025,0.0,0.48674588665447893,0.06503322259136213,0.8996148249365661,0.9002038841886144,0.7712780202772029,0.994017559330404,0.14153149297025533,0.008416662075231233,0.11945585653874403,0.43862974095628593
17,3167,21439773999,Mauris Non Institute,"([cable, satellite, and other pay television and radio services], [a], [take rate: 6.10])","cable, satellite, and other pay television and radio services",2222.0,21085.0,23914.0,815.8660016066867,27381.747637317032,5737.952380952381,73.2045044650444,130356.13815104312,0.06350109626253032,3445.498318301523,0.0,0.1239405019112515,0.006935215946843876,0.9000821732657802,0.07932370310926995,0.5809018659896006,0.965180842041494,0.9495180983911349,0.03219067205599271,0.7496548885973358,0.4387727961308704
18,3848,82065156333,Nascetur Ridiculus PC,"([tent and awning shops], [a], [take rate: 5.88])",tent and awning shops,2222.0,11602.0,22165.0,817.510056880826,3736.9949997368863,2964.7619047619046,20.09305846336856,18221.616548685055,0.06240478618247471,497.0056244822507,0.0,0.5179491440917401,0.07956810631229239,0.8996502986257517,0.8743483154023381,0.7834547762725423,0.9939474827700611,0.13272681241041673,0.006961248008469949,0.10813608414040893,0.4396742268034022
19,1070,17324645993,Eget Metus In Corporation,"([tent and awning shops], [a], [take rate: 5.73])",tent and awning shops,2211.0,10092.0,21813.0,817.3568318389168,2399.411898639043,2695.6666666666665,14.563136018814482,11877.98407398377,0.06231374242497075,337.126606252888,0.004952723998199016,0.5806880505235167,0.09418604651162787,0.8996905491032502,0.9193228390380781,0.8031094029876702,0.9969426430263701,0.08651959938841594,0.0048660546806563836,0.07335037927932891,0.44636282885371137
20,1095,19933438190,Dui Nec Corporation,"[[tent and awning shops], [c], [take rate: 2.22]]",tent and awning shops,2222.0,10712.0,22040.0,818.4715235916769,975.3036509762637,2811.5238095238096,14.648299358068947,12838.469851011258,0.06234119208871264,356.68014274915845,0.0,0.5549277048362972,0.08475913621262454,0.8993977322454241,0.9672066602315375,0.7946472357963932,0.99689651618615,0.09351580717326258,0.005497754798264387,0.07760474334212188,0.4474453290822075
21,2092,20985347699,Semper Tellus PC,"[(tent and awning Shops), (a), (take rate: 6.10)]",tent and awning shops,2221.0,9551.0,21553.0,814.3288915951779,2475.4710320309223,2590.3809523809523,14.686353280323328,11348.495412490485,0.06233552911332506,320.42525883500736,0.0004502476361999408,0.6031660295828486,0.10498338870431889,0.9004859546004753,0.9167654478078515,0.8107994365511365,0.9968759051203212,0.0826627877789908,0.005367432538145528,0.06971658074531928,0.4491273211065608
22,3481,47086412084,Eros Limited,"[[digital goods: books, movies, music], [c], [take rate: 2.52]]","digital goods: books, movies, music",2221.0,8258.0,21086.0,814.4694382249429,729.023236747993,2382.6666666666665,11.383908071332677,8302.835917988446,0.06228997492108985,235.20154811490224,0.0004502476361999408,0.6568888150240983,0.12437707641196016,0.9004490345977894,0.9754875246515784,0.8259708189137958,0.998664601569102,0.06047811084252281,0.004319092242865031,0.051174017242567066,0.45982593391324794
23,3973,94493496784,Dictum Phasellus In Institute,"[(gift, card, novelty, and souvenir shops), (a), (take rate: 5.65)]","gift, card, novelty, and souvenir shops",2222.0,18868.0,23660.0,816.3820632173105,24525.357741867556,4722.142857142857,85.99570393541464,125608.55163763772,0.06379194940727546,3373.992299073752,0.0,0.21605451221538974,0.01748338870431898,0.8999466097443911,0.17536616563764795,0.6550962558475211,0.9582527715905415,0.9149365329804383,0.03888408613457021,0.7340969541779516,0.4610117277032771
24,2230,32361057556,Orci In Consequat Corporation,"([gift, card, novelty, and souvenir shops], [a], [take rate: 6.61])","gift, card, novelty, and souvenir shops",2222.0,16653.0,23396.0,816.5657560907014,29696.050004271277,4084.6190476190477,102.86251252003404,129674.2939457223,0.06408959875175077,3371.305299051609,0.0,0.3080854246302144,0.02844684385382057,0.8998983557137515,0.0015082414625107177,0.701660782915674,0.9491172375518722,0.944551524339324,0.04573390140659047,0.7335123296864634,0.46125146415602214
25,571,60956456424,Ultricies Dignissim LLP,"([gift, card, Novelty, and souvenir shops], [b], [take rate: 4.69])","gift, card, novelty, and souvenir shops",2219.0,17480.0,23499.0,816.1485468516072,17926.901282484334,4319.285714285715,82.83869015297533,111392.82495833094,0.06366895900395196,2852.670549875101,0.0013507429085997114,0.2737244473990361,0.024169435215946833,0.9000079518403444,0.39723083763324885,0.6845208076100378,0.9599626983218095,0.8113887449342527,0.036053703475799885,0.6206702850244646,0.4709079654363541
26,2782,79417999332,Phasellus At Company,"([gift, card, novelty, and souvenIr shops], [b], [take rate: 4.95])","gift, card, novelty, and souvenir shops",2222.0,18813.0,23731.0,816.1930861801843,21512.20159890512,4724.523809523809,86.05528257700023,127234.97955592808,0.06378410322353623,3313.508124692431,0.0,0.21833970417151405,0.014534883720930258,0.8999962518648029,0.27667969304287054,0.6549223518772934,0.9582205021362785,0.926783483695992,0.03870352162064914,0.7209370995447667,0.4709117491675098
27,591,62694031334,Vel Est Tempor LLP,"[[computers, computer peripheral equipment, and software], [a], [take rate: 5.76]]","computers, computer peripheral equipment, and software",2217.0,6890.0,20399.0,819.5127312387499,3432.894589104175,2143.2380952380954,26.053625824388387,16886.977009058028,0.0625947430502701,483.97752291396154,0.002251238180999593,0.7137277713146086,0.15290697674418607,0.8991242188272028,0.8845733033633955,0.8434586021598873,0.9907190732139087,0.12300525717198292,0.011332732368174085,0.1053014927032478,0.4726400666047594
28,3779,75944642726,Et PC,"[(tent and awning shops), (a), (take rate: 6.03)]",tent and awning shops,2222.0,6809.0,20304.0,810.4235531450366,3720.5620272969586,2122.5238095238096,27.24524233120406,17674.7229456597,0.06260547327540025,498.03411666185144,0.0,0.7170932358318098,0.15685215946843856,0.9015118426371331,0.8749008531151714,0.8449715667008678,0.9900736604729956,0.12874322267438745,0.011579667432312358,0.10835985850309732,0.4734086066836214
29,1786,81219314324,Faucibus Leo Ltd,"([gift, card, novelty, and souvenir shops], [a], [take rate: 6.35])","gift, card, novelty, and souvenir shops",2222.0,8382.0,21127.0,818.3127655712076,13512.86583447312,2403.4761904761904,82.8763480362336,62338.475380270706,0.06372098125954592,1693.5941973350955,0.0,0.6517367458866545,0.12267441860465111,0.8994394361735221,0.5456471427006772,0.8244508982140062,0.9599423017617487,0.45407536184519565,0.037250893550182934,0.3684840484723258,0.48637012472089647
30,3038,11566786699,Euismod Et Institute,"[(opticians, optical goods, and eyeglasses), (c), (take rate: 2.62)]","opticians, optical goods, and eyeglasses",2222.0,6116.0,19930.0,820.7599146914705,1678.377655819724,1998.5714285714287,30.028308156655488,18949.295445171483,0.0626542864465458,562.8504463023068,0.0,0.7458866544789762,0.17238372093023258,0.8987965979052268,0.9435666946678625,0.8540250073909188,0.9885662743867236,0.13802724775493852,0.012703006728684543,0.12246228256112338,0.4876417486804688
31,456,49505931725,Suspendisse Ac Associates,"([digital goods: books, movies, music], [b], [take rate: 4.70])","digital goods: books, movies, music",2222.0,12986.0,22686.0,813.2004493110068,16070.903550925152,3249.5238095238096,98.41875815544746,97001.06835218634,0.06402016147023096,2575.6207221487525,0.0,0.4604454046867209,0.05793189368770768,0.9007823835666634,0.45963639118530597,0.7626558614333165,0.9515240988767931,0.7065587495155435,0.04413593870238756,0.5603911211552192,0.49040618428096583
32,2363,46298404088,Feugiat Sed Nec Institute,"[[books, periodicals, and newspapers], [a], [take rate: 6.16]]","books, periodicals, and newspapers",2222.0,6076.0,19803.0,815.8508012243813,7912.832195439276,1987.142857142857,60.52561614985905,37382.89007135026,0.06327538890027033,1051.397712323479,0.0,0.7475486122652484,0.17765780730897007,0.9000861662334984,0.7339411223816025,0.8548597464480114,0.9720480816378149,0.2722981149670496,0.026996460257067804,0.22875803790607904,0.49141941494053426
33,3761,75034515922,Ac Eleifend Corp.,"[[digital goods: books, movies, music], [a], [take rate: 6.22]]","digital goods: books, movies, music",2218.0,4853.0,18823.0,817.9414988697561,4057.9432971115425,1757.4285714285713,34.769175055223755,19484.775950235256,0.06270992890748824,595.3686399244667,0.0018009905447996521,0.7983629715805218,0.2183554817275748,0.8995369637174958,0.8635568387649019,0.8716380014955741,0.9859984886252746,0.14192770413624478,0.013983508721417402,0.12953743412562158,0.4924698383439427
34,3407,41251795489,Ultricies Sem Limited,"([opticians, optical goods, and eyeglasses], [c], [take rate: 2.91])","opticians, optical goods, and eyeglasses",2216.0,5097.0,19063.0,812.4967916599376,1662.0120846603206,1805.095238095238,29.642866932768175,16597.366524222838,0.06262027737864197,498.8822716152459,0.0027014858171994227,0.7882250290842613,0.20838870431893686,0.9009672264363278,0.9441169660987118,0.8681564440116167,0.9887750401056836,0.12089572554013744,0.01192035480272271,0.10854439596280899,0.49426913721784066
35,780,80779820715,Euismod Enim LLC,"([watch, clock, and jewelry repair shops], [b], [take rate: 4.71])","watch, clock, and jewelry repair shops",2220.0,4640.0,18765.0,822.5722198429586,2852.74353890543,1724.7142857142858,32.90393567272678,17986.93353162323,0.06269587506332804,532.7880949621182,0.0009004952723997706,0.8072128967924215,0.2207641196013289,0.8983205259341489,0.9040801415538955,0.874027442046502,0.9870087543067507,0.13101737413427633,0.013660087090743804,0.11592146130307891,0.49529132980355467
36,501,54550134954,Tempor Diam Dictum Company,"[(tent and awning  shops), (b), (take rate: 3.94)]",tent and awning  shops,2216.0,4576.0,18629.0,811.8582070048769,2306.0896869252515,1711.7619047619048,32.04069715163164,17291.69952261314,0.06268873573656693,509.07933595902546,0.0027014858171994227,0.8098720292504571,0.22641196013289033,0.901134975369329,0.9224606792313466,0.8749734796445403,0.9874763083703065,0.12595326834274692,0.013495789502363817,0.11076302398942901,0.4975242999650609
37,1425,48534649627,Dignissim Maecenas Foundation,"[[opticians, oPtical goods, and eyeglasses], [a], [take rate: 6.64]]","opticians, optical goods, and eyeglasses",2222.0,12321.0,22523.0,816.9967785752873,29740.906472545823,3120.190476190476,133.88211203562088,129952.2070218397,0.0647054361191507,3740.9104499592827,0.0,0.48807545288349674,0.06470099667774087,0.8997851310045202,0.0,0.7721023250960819,0.9323161571448209,0.9465758516882001,0.0599061893104421,0.8139292338994016,0.49773913377047047
38,4016,98973094975,Ornare Fusce Inc.,"[(hobby, toy and game shops), (a), (take rate: 5.98)]","hobby, toy and game shops",2222.0,9590.0,21560.0,818.1214609929303,19422.059257567198,2600.5238095238096,116.75491341343715,94291.11427456819,0.06437118025584206,2586.766629289218,0.0,0.6015456207412332,0.10469269102990031,0.8994896897125477,0.3469580600881844,0.8100586056379667,0.9415927256915635,0.6868193611061862,0.05221394687903377,0.5628161938163548,0.5006186894702971
39,1592,63465140133,Vitae Odio Limited,"[(digital goods: Books, movies, music), (b), (take rate: 3.68)]","digital goods: books, movies, music",2216.0,4188.0,18266.0,813.174244955705,2239.621677313373,1639.4285714285713,34.77103919732379,17662.063227073326,0.0626902074330989,542.9054055176838,0.0027014858171994227,0.8259930197772977,0.2414867109634552,0.9007892671530556,0.9246955811726588,0.880256682260056,0.985997478953912,0.1286510088968945,0.013529657708585685,0.11812273688552528,0.502222362958864
40,2188,29521780474,At Sem Corp.,"((cable, satellite, and other pay television and radio services), (a), (take rate: 5.93))","cable, satellite, and other pay television and radio services",2220.0,3569.0,17662.0,820.5942558100405,3702.5925401805116,1517.5714285714287,38.52950457637841,18043.218383281866,0.0628153476748624,568.1871495502648,0.0009004952723997706,0.8517118165198604,0.26656976744186045,0.8988401146110885,0.8755050541718217,0.8891570874563066,0.9839617892600819,0.13142735471572936,0.016409514678158158,0.12362341668723063,0.5038106410814538
41,48,14492521225,Praesent Eu Associates,"([tent and awning shops], [c], [take rate: 2.50])",tent and awning shops,2221.0,3266.0,17205.0,802.3904921802887,995.3460416853204,1441.8095238095239,25.87962901060108,11153.24204869774,0.06255371197249347,336.79093923552597,0.0004502476361999408,0.8643011467508726,0.2855481727574751,0.9036220364773573,0.9665327604387534,0.8946907117889501,0.9908133147419962,0.08124055630356813,0.010388482671682235,0.07327734647035329,0.5070864776037208
42,3736,71961434094,Amet Diam Corporation,"([tent and awning shops], [b], [take rate: 3.99])",tent and awning shops,2222.0,2811.0,16746.0,815.5929322168807,1161.569813569714,1361.2380952380952,20.045487355934306,8628.158662738271,0.062443356656259684,268.8745064742307,0.0,0.8832059165697191,0.30460963455149503,0.9001539054917462,0.9609436983824964,0.9005756221414535,0.9939732486088706,0.06284777166816277,0.007848871735130875,0.05850041694316214,0.5072659086092237
43,680,71528203369,Ipsum Primis Associates,"((watch, clock, and jewelry repair shops), (a), (take rate: 6.94))","watch, clock, and jewelry repair shops",2213.0,3453.0,17616.0,823.8921520514346,6209.252615140102,1494.095238095238,56.036745270579054,25898.48782131583,0.06315306619253859,821.1867668519286,0.004052228725799134,0.8565314941000499,0.26848006644518274,0.8979737947406397,0.7912218102406551,0.8908717806027512,0.9744793793256448,0.18864537762547234,0.024181443301418932,0.1786698518911063,0.5075107226998721
44,1091,19618998054,Morbi Accumsan Industries,"([tent and aWning shops], [c], [take rate: 1.52])",tent and awning shops,2211.0,3209.0,17312.0,814.1619870473011,607.6229858892956,1448.952380952381,25.85599216788823,12004.00002827612,0.06252892505364598,373.4795634058379,0.004952723998199016,0.8666694365963105,0.2811046511627907,0.9005297985287587,0.9795694530544925,0.8941689998782673,0.9908261171153727,0.08743750345479732,0.009818060399907343,0.08125988017791373,0.509633662436681
45,133,22059270846,Montes Nascetur Ridiculus Limited,"[[opticians, optical goods, and eyeglasses], [a], [take rate: 6.59]]","opticians, optical goods, and eyeglasses",2221.0,2389.0,16279.0,815.7015854131363,2672.0208297030626,1279.904761904762,29.678023359761994,11641.317123344645,0.06261654805652722,380.93401519042675,0.0004502476361999408,0.9007395712148911,0.3240033222591362,0.900125363531656,0.910156711861838,0.9065161817644297,0.9887559984041152,0.08479571007940229,0.011834531776231932,0.08288178380574221,0.5110259422333643
46,3503,49322182190,Gravida Mauris Incorporated,"([watch, clock, and jewelry repair shops], [a], [take rate: 6.35])","watch, clock, and jewelry repair shops",2222.0,8771.0,21356.0,809.0297032719089,23751.975745434273,2471.5714285714284,141.47605114939046,109535.88094395891,0.06490009263548809,3000.8379498859745,0.0,0.635574206415157,0.11316445182724255,0.901877991161261,0.2013701476328572,0.8194772446654958,0.9282030678835432,0.7978627079224604,0.06438582685426589,0.6529078325394095,0.5114823476901693
47,706,73972053940,Quis Tristique Ac Associates,"([tent and awning shops], [b], [take rate: 3.88])",tent and awning shops,2211.0,2788.0,16765.0,818.638559989683,1811.1489598408552,1357.7142857142858,32.21617590584742,13329.888299907923,0.06267959789475265,397.75284707916785,0.004952723998199016,0.8841615422968256,0.3038205980066445,0.8993538536816098,0.9391024291235794,0.9008330000173904,0.9873812641819434,0.09709531418941876,0.013285500013827969,0.08654114404368506,0.5116527369553124
48,3003,98269572896,Eget Laoreet Posuere PC,"[(furniture, home furnishings and equipment shops, and manufacturers, except appliances), (b), (take rate: 3.59)]","furniture, home furnishings and equipment shops, and manufacturers, except appliances",2221.0,6839.0,20327.0,815.1235352476011,6719.720627756749,2128.190476190476,82.21398022825053,54522.341956277865,0.06370763548310551,1639.5043088665645,0.0004502476361999408,0.7158467674921056,0.15589700996677736,0.9002772107420787,0.774057975201267,0.844557675251726,0.9603010586436799,0.3971424068590504,0.0369437667078926,0.35671543169525893,0.5142189550196036
49,1779,80682333501,Orci Corp.,"[(florists supplies, nursery stock, and flowers), (b), (take rate: 4.88)]","florists supplies, nursery stock, and flowers",2195.0,2054.0,15522.0,828.5637840970965,973.1250294510427,1176.952380952381,15.88162872866168,5799.088273573456,0.06238302805013235,193.04039179690696,0.012156686177397513,0.9146584676749211,0.35544019933554816,0.8967466100834075,0.9672799135981499,0.9140357894370729,0.9962285105946113,0.04224073640127038,0.0064605273115301304,0.042000796412704024,0.5147248237026613
50,1895,91720867026,Eget Mollis LLC,"((watch, clock, and jewelry repair shops), (a), (take rate: 6.31))","watch, clock, and jewelry repair shops",2211.0,2625.0,16499.0,820.1607588481661,4398.972413767556,1320.4285714285713,49.45126428315585,20199.166165208506,0.06303985934535086,629.02690663197,0.004952723998199016,0.890934020275885,0.31486710963455145,0.8989539893373875,0.8520901702230126,0.9035563361911553,0.978046259534179,0.14713134431807234,0.021576209978527838,0.1368606372875465,0.5148968800778517
51,2061,17488304283,Posuere Cubilia Curae Corporation,"((cable, satellite, and other pay television and radio services), (a), (take rate: 6.18))","cable, satellite, and other pay television and radio services",2220.0,4028.0,18224.0,812.6503519969939,9764.053940939337,1614.2857142857142,91.54685668612679,45181.32762165279,0.06388214735579417,1348.8719218356644,0.0009004952723997706,0.8326408509223866,0.2432308970099668,0.9009268878806039,0.6716961552616882,0.8820931081856599,0.9552461124081857,0.3291021726678493,0.04095981482921077,0.29348104015162024,0.5150277534589571
52,2190,29616684420,Tellus Id LLC,"((watch,  clock, and jewelry repair shops), (b), (take rate: 3.50))","watch,  clock, and jewelry repair shops",2222.0,6790.0,20194.0,816.5705997945922,6419.5819052776915,2110.285714285714,81.2821592855864,55247.88349231058,0.06371940785045709,1589.7144181624185,0.0,0.7178826657802893,0.16142026578073088,0.8998970833277757,0.7841497564573668,0.8458654331078379,0.960805758859903,0.4024272736046372,0.03721468462916264,0.345882387670588,0.5155545309218292
53,3163,21025433654,Lorem Foundation,"[(digital goods: books,  movies, music), (a), (take rate: 6.55)]","digital goods: books,  movies, music",2210.0,2318.0,15815.0,803.9324390210887,2980.1452277458925,1233.3333333333333,34.55236228843838,13111.66022769969,0.06277105992428117,429.8803875405335,0.0054029716343989564,0.9036895462855243,0.34327242524916945,0.9032169845625656,0.8997964224628829,0.9099177434220823,0.9861159204678813,0.0955057342350124,0.01539031905107061,0.09353129917960283,0.515583936655019
54,1664,69703285964,Suspendisse Incorporated,"((cable, satellite, and other pay television and radio services), (a), (take rate: 5.77))","cable, satellite, and other pay television and radio services",2219.0,2318.0,16063.0,821.2856981922753,2945.989138266711,1249.6666666666667,38.26330270196341,14886.348990054878,0.06276957815697344,488.980275954176,0.0013507429085997114,0.9036895462855243,0.33297342192691026,0.8986584805537516,0.9009448773531437,0.9087247621863207,0.9841059716211181,0.10843262147460749,0.01535621908571724,0.10638996755552714,0.516062661095122
55,3710,70038202360,Varius Orci Institute,"([tent and awning shops], [a], [take rate: 6.30])",tent and awning shops,2215.0,1705.0,14910.0,823.1763469242107,1089.1816279546588,1098.5238095238096,14.752997795112854,4972.4555262686135,0.06237119093174678,166.36909009696794,0.0031517334533993635,0.9291590493601463,0.3808554817275748,0.8981618286142649,0.9633776586816514,0.9197641862163713,0.9968398085920245,0.03621951818000588,0.006188119272341805,0.03619778336277457,0.5169915167460555
56,1295,35556933338,Semper Cursus Integer Limited,"[[digital goods: books, movies, muSiC], [a], [take rate: 6.87]]","digital goods: books, movies, music",2212.0,2524.0,16159.0,809.3788805268222,4624.261565270748,1282.6666666666667,49.13400501925779,20064.179902358443,0.06307595401775128,658.6976937949297,0.004502476361999075,0.8951304636862224,0.3289867109634551,0.9017862662639027,0.8445151102055528,0.9063144531589656,0.9782180960016341,0.1461481002497201,0.022406857997198118,0.14331626390245328,0.5171324798791104
57,3574,56946407125,Quisque Fringilla Limited,"([computers, computer peripheral equiPment, and software], [a], [take rate: 5.80])","computers, computer peripheral equipment, and software",2209.0,2263.0,15749.0,806.5138354680586,2766.6167087522063,1224.952380952381,36.477849547238726,13868.315207142714,0.06275487267914925,427.22472106726514,0.005853219270598786,0.9059747382416486,0.3460132890365448,0.9025388810469224,0.9069760462309344,0.9105298853972836,0.9850730228559504,0.10101723225428058,0.015017801385654653,0.09295349209039461,0.5171947607810213
58,901,91873181182,Sem LLC,"[[digital goods: books, movies, music], [a], [take rate: 6.00]]","digital goods: books, movies, music",2215.0,2242.0,15846.0,816.3036614509862,3910.356804474488,1229.5238095238096,49.63179489123838,18755.314893233302,0.06301106662284983,619.0833859797613,0.0031517334533993635,0.9068472660794415,0.341985049833887,0.8999672049975688,0.8685192461069005,0.9101959897744465,0.9779484791208373,0.13661428748000473,0.02091360200047813,0.13469717407318296,0.5200840032920148
59,4009,98314397036,Lobortis Augue Industries,"([gift, card, novelty, and souvenir shops], [a], [take rate: 6.47])","gift, card, novelty, and souvenir shops",2210.0,1812.0,14974.0,825.1837056872321,2763.993684485819,1115.047619047619,35.88404618688019,12312.409505642065,0.06273764108138301,411.8231116263452,0.0054029716343989564,0.924713312281868,0.37819767441860463,0.8976345182757232,0.9070642420722014,0.9185572926629915,0.9853946433204038,0.08968396752337078,0.014621249994793679,0.08960248427003842,0.5210872356454395
60,3457,45466221547,Eu LLC,"[(computers, computer peripheral Equipment, and software), (b), (take rate: 3.49)]","computers, computer peripheral equipment, and software",2197.0,1859.0,15188.0,809.8659061777552,1083.5438252114684,1127.2857142857142,25.806085049058606,8777.978503843839,0.06257616107341947,301.23952149641974,0.011256190904997743,0.9227605118829981,0.3693106312292359,0.9016583301592049,0.9635672225992271,0.9176634262560215,0.9908531482031183,0.06393906397434469,0.010905104653958358,0.06554224064745308,0.521745587051056
61,3684,67794222692,Nunc Ut Inc.,"((digital goods: books, movies, music), (c), (take rate: 1.55))","digital goods: books, movies, music",2215.0,2419.0,16044.0,803.3538767872193,710.758701721155,1257.3809523809523,34.16081302511674,13677.709300304812,0.06271328605840462,441.4117291694673,0.0031517334533993635,0.8994931028751869,0.3337624584717608,0.9033689662875214,0.9761016463174294,0.9081613133227832,0.9863279944713862,0.09962885299750068,0.014060766958481807,0.09604023281579092,0.5220097067971241
62,1815,83690644458,Id Erat Etiam Consulting,"[(gift, card, novelty, and souvenir shops), (b), (take rate: 3.15)]","gift, card, novelty, and souvenir shops",2217.0,4556.0,18665.0,812.2023942364727,4774.835643214337,1707.2380952380952,83.11241169187176,43839.16980454061,0.06368160166198289,1221.686761711043,0.002251238180999593,0.8107030081435931,0.22491694352159464,0.9010445612943974,0.8394522491228691,0.8753038971879729,0.9598144431007248,0.31932585406620045,0.03634464942836646,0.265808707085018,0.5234965551131736
63,1879,90087872851,Elit Pellentesque PC,"[[digital goods: books, movies, music], [a], [take rate: 6.77]]","digital goods: books, movies, music",2214.0,1662.0,14706.0,830.1993184452599,3885.3364654466877,1077.1904761904761,49.884999950515414,15981.196039313358,0.0630169924722677,515.5308481747663,0.0036019810895993043,0.9309456539803889,0.3893272425249169,0.8963169737938144,0.8693605230548945,0.921322365789611,0.9778113361974333,0.11640752087701617,0.021049973790289372,0.112166712868244,0.5238310283966209
64,786,81410315303,Sed Dictum PC,"[[opticians, optical goods, and eyeglasses], [a], [take rate: 6.35]]","opticians, optical goods, and eyeglasses",2206.0,1775.0,14843.0,804.7363763749145,3188.308798615854,1100.5714285714287,42.72773671557266,14273.27096250024,0.06288707277890272,476.18297682440027,0.007203962179198609,0.9262506232341698,0.3836378737541528,0.9030057993544097,0.8927971882242722,0.9196146288019755,0.9816879096214158,0.10396694236546913,0.018060127125864828,0.10360559299858119,0.523983064765951
65,3363,37687523474,Nunc In Industries,"((digital goods: books, mOvies, music), (b), (take rate: 3.44))","digital goods: books, movies, music",2211.0,1861.0,15099.0,817.2664977403299,1453.8754313342586,1132.095238095238,34.96830001650099,12160.787685642652,0.06271565289849111,404.47857290503134,0.004952723998199016,0.9226774139936845,0.3730066445182725,0.8997142788445327,0.9511152952692835,0.9173121402361616,0.9858906369915427,0.0885795495477966,0.014115235136127046,0.08800449499583685,0.5245368413531437
66,1294,35424691626,Eu Sem Pellentesque Limited,"((computers, computer peripheral equipment, and software), (b), (take rate: 3.90))","computers, computer peripheral equipment, and software",2218.0,1822.0,14973.0,817.2964549269951,1697.4129251254499,1113.095238095238,36.62696118748287,13145.474771678244,0.06279684852606715,426.70800969313945,0.0018009905447996521,0.9242978228353,0.3782392026578073,0.8997064094319827,0.9429266580461375,0.9186998939185782,0.9849922598320401,0.09575204040787,0.015983793089016346,0.09284106852438975,0.5255240139287922
67,2958,94472466107,Eu Dolor Egestas PC,"((cable, satellite, and other pay television and radio services), (a), (take rate: 6.23))","cable, satellite, and other pay television and radio services",2216.0,1781.0,14946.0,817.6942670175636,4115.8327042984665,1108.4761904761904,55.79533184543909,19125.12507801856,0.06313105170379997,604.0214486992463,0.0027014858171994227,0.926001329566229,0.3793604651162791,0.8996019087159084,0.8616103813749645,0.9190372676208198,0.9746101355710656,0.1393079961799058,0.02367482306533766,0.1314200704814881,0.5257325863509198
68,5,10648956813,Proin Nisl Institute,"[(computeRs, computer peripheral equipment, and software), (a), (take rate: 6.66)]","computers, computer peripheral equipment, and software",2208.0,1574.0,14380.0,825.5517500416477,4502.1609423874515,1046.7142857142858,60.489758197382216,18674.66860571597,0.06324301824473504,569.4125031429636,0.006303466906798727,0.9346019611101878,0.4028654485049834,0.8975378372057019,0.8486205877233954,0.9235483366085248,0.9720675033051543,0.13602685745444634,0.026251513174984187,0.12389002320569782,0.5271713535199876
69,848,86662713230,Vestibulum Accumsan Associates,"[[watch, clock, aNd jewelry repair shops], [a], [take rate: 6.41]]","watch, clock, and jewelry repair shops",2211.0,1497.0,14277.0,805.7894194564943,3437.763019503322,1025.904761904762,48.96420109127098,15645.185879364835,0.0630606126796881,502.59644623805855,0.004952723998199016,0.9378012298487618,0.40714285714285714,0.902729176902023,0.8844096086083737,0.9250682573083143,0.9783100665458092,0.11396001259209948,0.022053807222154023,0.10935250814452331,0.5285780248313116
70,3602,60978195146,Lobortis Tellus Corp.,"[[shoe shops], [c], [take rate: 1.44]]",shoe shops,2214.0,2360.0,16154.0,810.1725438075607,942.8466278066732,1264.6666666666667,48.465123799814684,19268.59635943259,0.06295031273077356,634.005042113676,0.0036019810895993043,0.9019444906099385,0.32919435215946846,0.9015777799380083,0.968297986186903,0.9076291671738865,0.9785803807289074,0.14035304538306756,0.01951547045574955,0.13794375597030367,0.5288638409695833
71,1021,13285958344,Purus Gravida Sagittis Inc.,"((gift, card, novElty, and souvenir shOps), (a), (take rate: 5.65))","gift, card, novelty, and souvenir shops",2210.0,1393.0,14002.0,831.7821475790583,2173.5700702499007,996.6190476190476,36.153578261200764,11607.814931773508,0.06277125146156545,411.37864735816413,0.0054029716343989564,0.9421223200930696,0.418563122923588,0.8959011825651749,0.926916482110041,0.9272072761421143,0.9852486572302009,0.08455167909103638,0.015394726905612862,0.08950577988052269,0.529081419857576
72,2710,74046727484,Vestibulum Accumsan Neque Ltd,"[[gift, card, novelty, anD souvenir shops], [b], [take rate: 5.10]]","gift, card, novelty, and souvenir shops",2202.0,1813.0,14930.0,800.1303341461193,3142.284871582065,1107.904761904762,52.07018148416894,18211.088323627824,0.06304441842590082,613.3166057287797,0.00900495272399815,0.9246717633372112,0.3800249169435216,0.9042157543120117,0.8943446839966783,0.9190790045736744,0.9766277809219222,0.1326501244970007,0.021681128266295327,0.1334424658692486,0.5295742575441563
73,65,15560455575,Morbi Accumsan Laoreet Industries,"[[digital goods: books, movies, music], [b], [take rate: 4.08]]","digital goods: books, movies, music",2216.0,3024.0,16886.0,816.0184762658001,4992.904882094397,1392.3809523809523,82.23190408293792,35707.50913117435,0.06369163927901238,1083.428103031955,0.0027014858171994227,0.8743559913578195,0.29879568106312293,0.900042119905316,0.8321199494472905,0.898300958210876,0.9602913505839851,0.2600945889424191,0.03657564547690295,0.23572705566781996,0.5299004826472752
74,1685,71538439295,Morbi Metus Limited,"[[music shops - musical instruments, pianos, and Sheet music], [b], [take rate: 3.71]]","music shops - musical instruments, pianos, and sheet music",2208.0,1530.0,14280.0,824.8395992657094,1490.1986895909492,1030.5714285714287,36.50325279377515,12115.179030704556,0.06278091916395181,424.47141591387594,0.006303466906798727,0.9364301146750873,0.40701827242524913,0.8977249111227668,0.9498939720964266,0.9247274055266682,0.9850592637489883,0.08824733470988216,0.015617210094911285,0.09235444124858315,0.5303376392555362
75,1639,67400260923,Eleifend PC,"[(computer programming , data Processing, and integrated sYStems design services), (a), (take rate: 5.97)]","computer programming , data processing, and integrated systems design services",2219.0,4933.0,19021.0,821.2318986124039,16003.668203244744,1784.7619047619048,140.18308176605981,77747.42318792838,0.0648541025746176,2338.8526351458927,0.0013507429085997114,0.7950390560079774,0.21013289036544847,0.898672613092089,0.4618970938892559,0.8696415839173608,0.928903376169673,0.566314609095543,0.06332745589810904,0.5088762639449478,0.5304155685289005
76,3838,81761494572,Nulla Facilisis Institute,"([watch, clock, and jewelry repaIr shops], [a], [take rate: 6.82])","watch, clock, and jewelry repair shops",2207.0,2336.0,15991.0,802.8964847231354,9845.80589492715,1250.0,107.94691491897251,42543.80751818913,0.06420672476338343,1275.3436321805157,0.006753714542998668,0.9029416652817018,0.33596345514950166,0.903489117985664,0.6689473502088469,0.9087004156304889,0.946363383380304,0.309890395542269,0.048429326604473924,0.27748310989654024,0.5308961934222789
77,926,94455880010,Nunc Sit LLC,"[[computer programming , datA procEssing, and integrated systemS design services], [a], [take rate: 6.33]]","computer programming , data processing, and integrated systems design services",2212.0,2383.0,16025.0,809.8354524710363,8153.230854564783,1246.047619047619,96.55719111135664,37086.939251971366,0.06400158112346513,1236.311891504226,0.004502476361999075,0.9009888648828319,0.3345514950166113,0.9016663300019313,0.7258580244656925,0.9089890962210667,0.9525323755173465,0.2701424001444124,0.043708348501373145,0.26899077221260603,0.5311930183325871
78,3359,37459245212,Aliquet Phasellus Consulting,"[[computers, computer peripheral equipment, and software], [b], [take rate: 4.08]]","computers, computer peripheral equipment, and software",2207.0,1827.0,14931.0,822.5883592676009,2909.6180912001632,1107.5238095238096,60.30959396269654,20808.142385628456,0.06323131684918248,619.63723507968,0.006753714542998668,0.9240900781120159,0.3799833887043189,0.8983162862906787,0.902167807363704,0.9191068292089108,0.9721650852804441,0.15156714573855148,0.02598222853032585,0.1348176778862581,0.5314950241658207
79,2197,30122382323,Ipsum Company,"([watch, clock, and jewelry repair shops], [b], [take rate: 3.36])","watch, clock, and jewelry repair shops",2198.0,1454.0,14050.0,798.1846373767869,1356.8940825182863,1007.3333333333334,37.567906912327906,11714.08123913571,0.06275558846393585,366.004315123966,0.010805943268797802,0.9395878344690045,0.4165697674418605,0.9047268667454424,0.9543761692747714,0.9264247082760899,0.9844826173792467,0.08532572612496041,0.015034273767179102,0.07963345174861572,0.5316967358495969
80,2902,89640578182,Magnis Foundation,"[[tent and awning shops], [a], [take rate: 6.22]]",tent and awning shops,2203.0,1031.0,12864.0,821.5662858946658,1571.6329474145305,871.6666666666666,27.171610354049946,7331.5772581597375,0.06251149254679682,239.2574572651875,0.00855470508779832,0.9571630380588333,0.46582225913621267,0.8985847733524961,0.947155849171399,0.9363337564996609,0.9901135416058283,0.053403433049767884,0.009416885480958833,0.05205648237281181,0.5318604723815767
81,3753,74019238521,Ac Limited,"[(opticians, optical goods, and eyeglasses), (b), (take rate: 3.69)]","opticians, optical goods, and eyeglasses",2208.0,1276.0,13666.0,812.5893421497019,1131.5244583292456,960.4761904761905,29.909295062111106,9158.509406707535,0.06265966689721925,333.1614511408447,0.006303466906798727,0.946983546617916,0.4325166112956811,0.9009429144742666,0.9619539350835264,0.9298471384101699,0.988630735198667,0.0667108627127174,0.012826827237203601,0.07248765997454769,0.5319203697911495
82,1119,21772962346,Purus Gravida Sagittis Ltd,"((florists supplies, nursery stock, and flowers), (a), (take rate: 6.63))","florists supplies, nursery stock, and flowers",2216.0,3885.0,18185.0,813.5450256894283,16282.665766536762,1597.2380952380952,143.34162290930888,70432.55247826732,0.06492673573280125,2271.7177184552393,0.0027014858171994227,0.8385823500083098,0.2448504983388704,0.9006918672672822,0.45251615711284787,0.8833382606124898,0.9271926221771838,0.5130328670561575,0.0649989654290924,0.49426937291110373,0.5322174446730538
83,3657,66079287213,Hendrerit Corporation,"((gift, card, novelty, and souvenir shops), (a), (take rate: 6.02))","gift, card, novelty, and souvenir shops",2219.0,1333.0,13798.0,812.7460839901552,3251.311367729578,977.9047619047619,51.70798003352367,15422.764052435045,0.06307679177346599,540.4011085548893,0.0013507429085997114,0.9446152567724779,0.42703488372093024,0.90090174017375,0.8906788072942262,0.9285741613481036,0.9768239593314075,0.1123398851999981,0.02242613730016115,0.11757786404356617,0.5322323438093222
84,3723,71094934182,Nonummy Ipsum Non LLC,"[[tent And awning shops], [c], [take rate: 1.86]]",tent and awning shops,2208.0,1210.0,13374.0,813.7370090112952,478.2819113878865,932.047619047619,25.856785384652348,7422.990305561265,0.06257489544526443,243.67428492495446,0.006303466906798727,0.9497257769652651,0.4446428571428571,0.9006414354300278,0.9839183815116935,0.9319235518146879,0.990825687487046,0.054069288483719634,0.010875978706846368,0.053017474409768735,0.532594389885871
85,79,16644129035,Magna Associates,"[(artist supply anD craft shops), (b), (take rate: 5.03)]",artist supply and craft shops,2201.0,1065.0,13108.0,822.8524575518951,1648.3678066751218,898.3333333333334,34.174773629740685,9384.098524623647,0.06278299636234917,314.2402814083568,0.00945520036019809,0.9557503739405019,0.45568936877076416,0.8982469106721969,0.9445757375217615,0.9343860320331113,0.9863204330184828,0.06835406074926283,0.015665012737750346,0.06837088321903566,0.5336814013023066
86,3874,84703983173,Amet Consulting,"((computer programming , data processing, and integratEd systems design services), (c), (take rate: 2.31))","computer programming , data processing, and integrated systems design services",2219.0,6091.0,19696.0,817.0023945603778,4674.010822991368,1982.095238095238,95.36021200656806,59129.66798417663,0.06398142964689911,1772.5730046656493,0.0013507429085997114,0.7469253780953964,0.1821013289036545,0.8997836557490483,0.8428423549461749,0.855228422864894,0.9531806927909143,0.4307023106022054,0.04324460183269158,0.38566787604712,0.5341027364740699
87,352,41974958954,Sed Libero Proin Incorporated,"[(cable, satellite, and oTher pay television and radio services), (a), (take rate: 5.51)]","cable, satellite, and other pay television and radio services",2204.0,1364.0,13905.0,820.5660709529068,3246.375372854023,989.8095238095239,55.71852306407287,16997.711683869096,0.06314758482690418,585.4997252563131,0.00810445745159838,0.943327239488117,0.4225913621262458,0.8988475184528086,0.890844773818485,0.9277046414969654,0.9746517373496784,0.12381185193110915,0.024055300433204935,0.12739020332105733,0.5341329085869271
88,10,11121775571,Egestas Nunc Associates,"[[digital goods: books, movies, music], [a], [take rate: 6.58]]","digital goods: books, movies, music",2207.0,1161.0,13240.0,806.1041759519078,3203.018918486392,923.5238095238095,49.35225091149125,14177.506048183712,0.06304338954569887,474.1680318268221,0.006753714542998668,0.9517616752534486,0.4502076411960133,0.9026464939470814,0.892302579228944,0.9325461280281029,0.9780998879383069,0.10326938779976806,0.0216574506085036,0.10316719099453266,0.5342412149537701
89,2671,71674475255,Lacinia Mattis LLC,"[(opticians, optical goods, and eyeglasses), (b), (take rate: 3.81)]","opticians, optical goods, and eyeglasses",2208.0,1493.0,14404.0,818.6140282424498,2382.1048626098277,1040.2857142857142,56.271882710342055,17603.89670534457,0.06312970733199588,588.5740330749278,0.006303466906798727,0.9379674256273891,0.40186877076411964,0.8993602978928673,0.9199047660228925,0.9240178773281394,0.9743520223289762,0.12822732217308314,0.023643884987744553,0.12805909637290872,0.5343704930404919
90,1543,58476363584,Mauris Blandit Foundation,"((watch, clock, and jewelry repair shops), (a), (take rate: 6.49))","watch, clock, and jewelry repair shops",2208.0,1134.0,13224.0,834.392954756092,3540.674060469894,911.047619047619,56.031066376785994,15215.60794295733,0.06321660646044823,525.6404617013764,0.006303466906798727,0.9528834967591823,0.4508720930232558,0.8952153531849216,0.8809493562767385,0.9334573848320957,0.974482455172939,0.11083095376085503,0.025643697815309917,0.11436631376829288,0.5345004571500389
91,3340,35733444320,Arcu Ac Limited,"((watch, clock, and jewelry repair shops), (b), (take rate: 3.41))","watch, clock, and jewelry repair shops",2214.0,1779.0,14670.0,824.9962908532597,2232.2023513704735,1088.2857142857142,56.28810461754388,19562.97984109856,0.06313414251318755,661.6711050340131,0.0036019810895993043,0.9260844274555426,0.3908222591362126,0.8976837500231168,0.9249450465327597,0.9205119732883502,0.9743432360915163,0.14249734366985287,0.023745951975039387,0.14396320436367746,0.5348199173625667
92,2055,17158952809,Arcu Vestibulum Corp.,"((hobby, toy and game shops), (a), (take rate: 6.19))","hobby, toy and game shops",2209.0,1230.0,13681.0,820.1042981173166,3740.8951823779503,957.8571428571429,59.0580487645801,18370.330465697774,0.06321569279517159,633.6794397711923,0.005853219270598786,0.948894798072129,0.43189368770764125,0.8989688209298496,0.8742171767416971,0.9300384327774203,0.9728429570723107,0.13381004913167185,0.025622671602816467,0.13787291298469398,0.5360014726290829
93,1253,32560075533,Malesuada Vel Convallis Consulting,"[[digital goods: books, movies, music], [a], [take rate: 6.11]]","digital goods: books, movies, music",2192.0,1387.0,13943.0,813.3985652886164,4250.769604360161,991.7619047619048,65.65918315596475,21043.58159698813,0.06336058617973739,678.0638504926811,0.013507429085997336,0.9423716137610105,0.4210132890365449,0.9007303407504272,0.8570733004293566,0.9275620402413787,0.9692675985435303,0.15328209215709232,0.02895710837156897,0.14752985877338856,0.5361294671150295
94,358,42355028515,Eu Inc.,"[[lawn and garden supply outlets, including nurseries], [a], [take rate: 5.97]]","lawn and garden supply outlets, including nurseries",2213.0,4294.0,18225.0,814.781474888525,15634.71558415685,1640.3333333333333,148.94580449153878,75995.2892855086,0.06507730197721169,2327.5023926445997,0.004052228725799134,0.8215888316436762,0.24318936877076414,0.9003670661117659,0.47430265454116416,0.8801905987513695,0.9241572411004084,0.5535520121457579,0.06846395192933627,0.5064067329825719,0.5376270686702613
95,2029,14430838529,Magna A Neque LLC,"((cable, satellite, and other pay television and radio services), (c), (take rate: 2.03))","cable, satellite, and other pay television and radio services",2200.0,1518.0,14395.0,825.6950063747738,1245.1057267035105,1045.3333333333333,54.927538500372385,17805.985424692328,0.06311717834900488,593.8830316094047,0.009905447996398031,0.9369287020109689,0.40224252491694357,0.897500205394732,0.9581349099815474,0.9236492009112568,0.9750801566543438,0.12969934258748853,0.023355555043037438,0.1292142026412202,0.5385710248137937
96,881,89502033586,Adipiscing Enim LLC,"([digital goods: books, movies, music], [a], [take rate: 5.98])","digital goods: books, movies, music",2194.0,1158.0,13423.0,813.2439699925894,3922.8910418084142,932.0952380952381,65.87158621689036,18949.973330818706,0.06342055319686393,649.9978439617485,0.012606933813597454,0.951886322087419,0.4426079734219269,0.900770951178113,0.8680977983831905,0.9319200737352834,0.9691525551206286,0.13803218549473203,0.030337131534243805,0.1414233925802226,0.5386835317349357
97,1527,56945597985,Sem LLP,"[(caBle, satellite, and other pay television and  radio services), (a), (take rate: 6.53)]","cable, satellite, and other pay television and  radio services",2192.0,822.0,12126.0,831.158631023332,2126.6339893886457,800.6190476190476,38.09655686116403,9601.717302577888,0.06273818192885593,354.00794049271906,0.013507429085997336,0.9658467674921057,0.4964700996677741,0.8960649732796915,0.9284946478900444,0.9415230509712537,0.9841962858199653,0.06993920258568245,0.01463369653750776,0.07702333847704908,0.5387699491807072
98,283,35016722348,Lacus PC,"((tent and awning shops), (a), (take rate: 6.09))",tent and awning shops,2200.0,826.0,12150.0,807.3558410528918,2024.0126069787482,806.8571428571429,38.59116568252316,9590.931553500026,0.06282559409506357,332.8529694665848,0.009905447996398031,0.9656805717134784,0.49547342192691035,0.902317695747029,0.9319451608226152,0.9410674225692572,0.9839283918849222,0.06986063885942148,0.016645315921736372,0.0724205420212684,0.5389244609463038
99,3786,76314317957,Semper Corp.,"([florists supplies, nursery stock, and flOwers], [a], [take rate: 5.93])","florists supplies, nursery stock, and flowers",2210.0,3853.0,17971.0,811.4318624752237,14073.673302413852,1568.7619047619048,141.04159524427143,69275.26150169743,0.06488814185430469,2210.6428765737323,0.0054029716343989564,0.8399119162373276,0.25373754152823924,0.9012469712329525,0.5267907077611967,0.8854181520964124,0.9284383813211508,0.504603124176811,0.06411080308894607,0.48098100369507957,0.5390641572772514
100,1040,15061716544,Tempus Scelerisque Lorem Incorporated,"[[digital goods: books, movies, music], [a], [take rate: 5.73]]","digital goods: books, movies, music",2198.0,935.0,12651.0,809.8468477419146,2585.9918010249494,852.9047619047619,49.539828140451014,12985.149535533421,0.06305115259754802,457.7717214235569,0.010805943268797802,0.9611517367458866,0.4746677740863787,0.9016633365937498,0.913049328089172,0.9377041197850547,0.9779982908785286,0.09458422648282143,0.02183610200519182,0.09959976094138834,0.5393060618876971
