SA2_CODE_2021,Intct_fam_no_otr_chld_pre_Fam,Step_fam_no_otr_chld_pre_Fam,Blnd_fam_no_otr_chld_pre_Fam,Intct_fam_othr_child_pres_Fam,Step_fam_othr_child_pres_Fam,Blnd_fam_othr_child_pres_Fam,Otr_cpl_fam_otr_chld_only_Fam,Tot_Families
101021007,320,32,18,4,0,0,3,384
101021008,846,103,63,10,0,0,8,1025
101021009,911,77,47,11,0,0,5,1048
101021010,432,47,25,0,0,0,0,507
101021012,1728,159,75,11,0,0,7,1978
101021610,962,88,47,11,0,0,3,1111
101021611,1939,225,82,18,9,0,12,2287
101031013,153,22,15,0,0,0,6,201
101031014,499,74,35,0,0,0,0,616
101031015,297,39,17,0,0,0,6,354
101031016,688,68,22,0,0,0,5,782
101041017,500,77,40,3,0,0,12,634
101041018,533,76,30,10,0,0,15,657
101041019,672,91,38,8,0,0,8,816
101041020,751,89,47,16,0,0,11,915
101041021,290,36,15,0,3,0,3,346
101041022,0,0,0,0,0,0,0,0
101041023,178,46,17,3,0,0,3,247
101041024,234,35,11,7,3,0,0,281
101041025,758,141,34,0,0,0,7,948
101041026,514,92,35,4,0,0,12,657
101041027,537,75,34,3,6,0,7,670
101051539,1848,278,168,34,5,0,26,2350
101051540,1201,140,69,20,0,0,13,1445
101061541,643,99,28,7,0,0,10,790
101061542,1477,156,67,24,0,0,10,1730
101061543,862,105,82,7,0,0,8,1069
101061544,594,65,45,6,0,0,9,718
102011028,880,93,29,3,0,0,3,1005
102011029,1197,103,41,3,0,0,10,1357
102011030,450,53,24,4,0,0,0,530
102011031,1407,161,58,11,0,4,8,1649
102011032,1646,226,59,12,5,0,10,1954
102011033,821,64,40,10,0,0,0,942
102011034,717,71,40,13,0,0,6,848
102011035,837,73,39,8,0,3,3,965
102011036,970,110,46,12,0,0,10,1145
102011037,711,57,21,0,3,0,9,802
102011038,742,100,33,6,0,0,3,892
102011039,1604,164,59,8,0,0,3,1841
102011040,1887,228,110,20,3,5,13,2263
102011041,1228,143,58,13,0,0,4,1445
102011042,1095,133,51,13,4,0,8,1297
102011043,1010,116,68,13,5,0,9,1232
102021044,2130,277,120,14,0,0,18,2566
102021045,933,163,109,15,3,3,10,1234
102021046,673,124,65,17,5,0,7,887
102021047,1672,224,80,13,3,0,18,2017
102021048,1545,250,135,27,4,4,25,1993
102021049,396,51,17,7,0,3,0,474
102021050,721,143,59,17,6,0,12,960
102021051,550,60,24,8,0,0,0,644
102021052,536,90,53,0,3,0,10,698
102021053,982,183,58,12,0,0,10,1250
102021054,690,108,45,8,0,0,7,853
102021055,535,62,37,11,0,0,10,651
102021056,2171,288,178,28,5,6,16,2698
102021057,644,98,64,6,4,0,5,822
103011059,1165,185,82,13,3,0,7,1453
103011060,677,73,33,14,5,0,9,812
103011061,322,36,24,3,0,0,10,400
103011612,513,73,36,4,0,0,8,636
103011613,1321,207,103,12,3,3,15,1665
103021062,528,55,22,9,0,0,8,618
103021063,663,83,49,11,6,0,4,803
103021064,432,53,31,3,0,0,3,523
103021065,758,86,42,11,0,0,5,910
103021066,248,33,22,4,0,0,0,308
103021067,838,153,63,13,4,0,15,1073
103021068,247,30,14,4,0,0,4,301
103021069,453,61,26,0,0,0,3,549
103031070,806,118,61,14,4,4,16,1020
103031071,678,116,50,5,4,0,12,873
103031072,1105,146,74,18,4,0,14,1357
103031073,208,25,12,3,0,0,6,248
103031074,961,135,52,12,4,0,13,1190
103031075,0,0,0,0,0,0,0,0
103041076,665,106,41,13,3,0,10,839
103041077,1340,194,97,14,5,0,14,1656
103041078,2323,315,152,25,0,0,19,2830
103041079,1247,132,66,9,0,0,10,1473
104011080,1189,224,124,19,4,6,13,1579
104011081,1180,185,75,30,3,0,23,1503
104011082,1120,182,78,13,3,0,11,1410
104021083,481,65,41,4,0,0,6,603
104021084,1271,189,94,21,4,0,17,1587
104021085,713,123,43,7,5,0,11,894
104021086,378,63,22,8,0,0,0,474
104021087,212,18,15,4,0,0,0,249
104021088,1020,128,36,10,0,0,0,1200
104021089,1687,222,85,26,10,7,19,2048
104021090,326,40,20,3,0,0,3,399
104021091,1201,150,51,18,4,6,11,1445
105011092,217,31,8,14,0,0,13,277
105011093,287,51,29,0,0,0,9,378
105011094,256,25,20,7,0,0,4,311
105011095,364,44,21,0,0,0,8,445
105011096,255,46,16,11,0,0,4,323
105021097,1050,221,96,21,0,0,13,1417
105021098,130,11,9,4,0,0,4,160
105031099,529,58,30,11,0,0,11,637
105031100,878,119,60,14,5,0,12,1087
105031101,1637,257,90,13,0,3,16,2017
105031102,805,154,67,18,4,0,18,1066
105031103,617,81,29,10,0,0,5,741
105031104,310,40,12,4,0,0,6,379
105031105,500,61,28,4,0,3,11,601
105031106,506,83,40,13,4,0,12,650
106011107,1319,216,95,26,0,0,12,1676
106011108,1587,270,135,33,7,4,26,2060
106011109,866,121,61,23,0,5,9,1081
106011110,908,126,54,8,6,0,16,1119
106011111,1729,308,173,30,11,5,31,2284
106011112,1587,257,116,18,5,0,7,1995
106011113,572,75,31,11,0,0,7,704
106021114,818,127,74,13,3,0,11,1045
106021116,1053,128,44,13,0,0,7,1249
106021614,1665,274,93,18,7,0,10,2071
106021615,1771,303,151,11,4,0,17,2257
106021616,615,123,59,10,0,0,15,817
106021617,856,148,43,8,3,0,0,1062
106021618,1874,284,126,14,5,0,7,2317
106031119,512,74,34,9,0,0,8,642
106031120,442,80,45,8,7,0,16,596
106031121,1506,228,80,19,0,0,12,1850
106031122,988,227,118,15,7,4,19,1375
106031123,714,78,36,9,3,0,9,844
106031124,240,34,12,7,0,0,3,296
106031125,1527,222,103,14,6,5,16,1885
106041126,952,176,98,19,3,0,16,1266
106041127,349,55,31,0,4,0,5,454
106041128,532,88,35,6,3,0,9,671
106041129,701,70,44,9,9,0,12,836
107011131,2186,315,171,31,3,4,30,2746
107011132,1538,184,85,16,3,0,6,1834
107011133,0,0,0,0,0,0,0,0
107011134,1792,151,73,7,0,0,10,2040
107011545,1302,128,68,15,3,5,15,1530
107011546,789,83,32,15,0,0,7,921
107011547,334,47,14,4,0,0,0,404
107021135,0,0,0,0,0,0,0,0
107031136,2232,303,154,23,3,0,18,2731
107031137,508,96,60,14,3,0,9,696
107031138,742,86,33,4,0,0,0,876
107031139,693,72,25,4,0,0,3,796
107031140,818,97,27,8,0,0,3,962
107031141,2305,311,109,18,0,0,12,2762
107031142,930,149,54,14,0,0,9,1168
107031143,1505,241,114,17,7,0,27,1902
107041144,2121,195,55,11,0,0,14,2399
107041145,1484,150,59,7,4,0,12,1718
107041146,2534,204,89,16,0,0,8,2850
107041147,1271,107,38,16,0,0,5,1434
107041148,1500,122,22,12,0,0,6,1656
107041150,2458,237,76,18,0,0,3,2788
107041548,745,91,17,4,4,0,0,857
107041549,1438,122,28,8,0,3,8,1605
108011151,398,49,33,3,0,0,5,490
108011152,841,134,45,10,3,0,3,1036
108011153,486,61,21,9,0,0,13,589
108011154,272,51,19,3,0,0,10,356
108021155,891,156,84,17,0,7,17,1175
108021156,674,94,34,23,0,6,11,839
108021157,368,54,19,7,4,0,0,457
108021158,348,48,33,4,0,0,3,443
108021159,607,79,36,11,4,0,12,741
108021160,342,26,19,6,0,0,8,399
108031161,35,4,0,0,0,0,0,37
108041162,1247,184,64,7,0,0,19,1515
108041164,1395,242,88,11,0,0,15,1745
108041165,481,57,18,7,0,0,10,563
108041166,1053,170,80,20,6,0,13,1345
108041619,898,125,44,11,3,0,6,1081
108041620,1524,179,69,17,3,5,13,1806
108051167,347,46,20,0,0,0,9,420
108051168,912,124,43,18,0,0,10,1099
108051169,1242,201,128,42,7,0,20,1648
108051170,879,138,59,17,3,0,19,1104
108051171,384,54,29,4,3,0,7,479
109011172,1874,228,93,5,7,0,9,2213
109011173,774,111,51,7,0,0,9,948
109011174,743,110,29,3,0,0,0,892
109011175,1207,114,52,17,0,0,14,1403
109011176,1069,170,91,11,4,0,20,1376
109021177,188,41,18,3,0,0,7,249
109021178,526,93,33,3,6,0,10,668
109021179,299,22,20,0,0,0,0,337
109031180,366,53,27,0,3,4,4,452
109031181,558,70,41,9,0,0,9,688
109031182,480,59,35,7,0,0,13,596
109031183,551,63,36,6,0,0,8,669
109031184,600,82,28,6,0,0,4,727
109031185,681,68,47,3,0,0,9,813
110011186,1697,192,98,19,4,3,22,2038
110011187,369,44,16,6,0,0,0,436
110011188,513,52,31,0,0,0,12,611
110011189,236,29,11,0,0,0,3,282
110021190,532,84,32,9,4,0,4,664
110021191,826,129,70,7,4,0,21,1049
110021192,351,44,32,11,0,0,8,450
110021193,422,49,26,11,3,0,4,509
110021194,381,42,22,7,4,0,8,466
110031195,519,71,26,10,0,0,8,630
110031196,415,34,17,3,3,0,0,479
110031197,563,54,33,7,0,0,16,675
110031198,392,40,19,0,0,0,10,460
110041199,787,120,64,7,0,3,10,993
110041200,392,50,30,4,0,0,3,480
110041201,546,71,38,9,0,0,10,672
110041202,1578,269,125,21,0,0,20,2013
110041203,1306,180,111,5,0,0,11,1621
110041204,382,66,47,7,0,0,6,516
110041205,1812,206,87,17,0,0,20,2150
111011206,1685,220,93,12,3,0,16,2027
111011207,449,78,23,8,0,0,5,556
111011208,2615,291,116,14,4,0,12,3053
111011209,2545,306,141,22,6,5,17,3037
111011210,658,95,54,18,4,0,7,827
111011211,404,34,11,3,0,0,0,458
111011212,1109,148,36,17,0,0,7,1330
111011213,1514,152,53,13,0,0,10,1747
111011214,1354,206,64,12,0,4,12,1656
111021215,858,139,53,11,3,0,0,1066
111021216,815,134,66,3,0,5,8,1026
111021217,1855,248,122,21,3,3,10,2265
111021218,1545,218,92,20,8,3,16,1903
111021219,1081,158,61,9,8,0,20,1345
111021220,800,135,43,14,3,0,15,1003
111021221,742,125,51,9,3,0,11,941
111031222,1859,164,57,7,0,0,3,2096
111031223,619,108,55,12,5,4,10,806
111031224,1032,110,29,4,0,0,0,1176
111031225,1832,187,55,13,0,0,3,2089
111031226,2018,277,114,23,5,0,10,2451
111031227,1189,141,50,11,0,0,10,1402
111031228,1508,139,29,7,0,0,7,1688
111031229,686,85,14,6,0,0,0,795
111031230,0,0,0,0,0,0,0,0
111031231,675,89,38,9,0,0,4,813
111031232,727,115,38,10,3,0,0,896
111031233,1813,234,89,21,0,0,26,2176
111031234,936,99,50,4,0,0,0,1104
111031235,632,101,16,3,5,0,0,756
112011236,1160,146,58,13,0,0,13,1393
112011237,1715,221,72,20,4,3,16,2047
112011238,678,64,23,4,0,0,0,772
112011239,688,96,33,3,6,0,3,831
112011240,740,84,19,4,0,0,0,849
112011241,374,65,17,4,0,0,9,475
112011242,953,109,31,10,0,0,6,1114
112011243,668,90,29,13,0,0,6,798
112021244,830,118,78,18,5,0,14,1068
112021245,540,79,41,8,5,0,10,681
112021246,1072,155,75,15,3,3,8,1327
112021247,489,63,38,6,0,0,0,595
112021248,902,147,71,18,3,0,12,1152
112021249,1431,152,44,12,4,3,18,1656
112031250,1384,157,62,13,0,0,10,1628
112031251,710,113,46,12,0,5,4,888
112031252,818,120,41,16,5,0,9,1006
112031253,1328,184,57,12,0,0,12,1585
112031254,1381,203,64,20,5,0,9,1683
112031550,1334,201,86,9,3,3,7,1649
112031551,398,32,13,8,0,0,3,450
112031552,478,67,23,8,0,0,4,579
113011256,2009,190,76,35,0,3,20,2336
113011257,1229,97,64,12,0,0,9,1411
113011258,836,115,50,13,3,0,6,1020
113011259,418,53,28,4,0,0,10,517
113021260,235,46,17,6,0,0,3,300
113021261,505,86,37,4,0,0,12,645
113021262,416,45,32,6,0,0,5,504
113031263,523,80,20,11,0,4,17,651
113031264,313,26,21,10,0,0,4,371
113031265,466,47,26,5,0,0,4,550
113031266,529,42,32,8,0,0,4,620
113031267,1622,201,99,12,8,0,10,1950
113031268,533,83,25,0,0,0,6,648
113031269,2092,241,135,18,4,3,19,2516
113031270,738,101,31,9,0,3,3,882
113031271,1757,179,100,11,4,3,20,2083
114011272,739,70,19,4,0,0,6,846
114011273,251,39,14,0,0,0,4,314
114011274,352,51,22,3,0,0,4,427
114011275,4,0,0,0,0,0,0,9
114011276,381,41,7,0,0,0,3,434
114011277,1331,175,83,6,0,0,17,1612
114011278,1624,258,149,35,9,3,38,2109
114011279,974,185,58,19,7,3,18,1261
114011280,273,30,13,3,0,0,3,325
114011281,371,47,16,6,0,0,9,444
114011282,1223,159,67,10,0,0,8,1468
114011283,431,38,15,3,0,0,13,497
114021284,1094,117,37,11,0,0,5,1268
114021285,742,78,46,5,0,4,5,875
114021286,1057,116,34,11,0,0,11,1222
114021287,938,124,57,9,0,0,4,1128
114021288,353,40,12,0,0,0,0,406
114021289,602,75,25,3,0,0,8,714
115011290,3673,203,49,18,5,0,10,3954
115011291,3334,180,63,23,0,0,5,3607
115011294,846,55,18,3,0,0,0,925
115011296,2007,111,27,17,3,0,4,2170
115011553,1099,65,19,13,0,0,0,1189
115011554,731,44,6,0,0,0,3,787
115011555,1797,112,21,13,4,0,0,1946
115011556,1476,92,25,13,0,0,0,1609
115011557,867,41,15,6,0,0,0,936
115011558,3106,155,43,17,0,0,0,3332
115011621,2894,201,71,24,0,0,0,3193
115011622,1758,97,35,14,0,0,0,1903
115021297,3002,204,78,28,3,0,10,3322
115021298,651,56,13,5,0,0,0,726
115031299,272,26,10,4,0,0,0,318
115031300,2772,280,101,29,3,0,18,3210
115041301,1454,136,68,20,3,0,3,1687
115041623,1690,117,44,20,0,0,3,1872
115041624,2818,204,63,21,0,0,11,3112
115041625,2914,197,75,16,0,0,3,3215
116011303,1885,130,66,29,4,0,4,2124
116011304,2377,183,75,51,0,4,12,2704
116011306,3018,223,93,57,9,0,17,3418
116011307,3072,223,102,35,0,5,13,3453
116011560,1553,117,47,30,0,0,10,1760
116011561,1993,133,48,41,0,0,12,2230
116011626,1903,101,48,30,0,0,5,2091
116011627,1586,76,18,17,0,0,0,1700
116021309,2695,134,51,43,0,4,7,2935
116021562,600,37,13,7,0,0,0,660
116021563,3696,245,88,49,5,0,12,4092
116021628,3585,207,87,38,0,0,4,3927
116021629,2680,145,60,34,0,0,4,2913
116021630,1796,170,69,34,3,0,9,2081
116021631,1681,106,41,30,0,5,3,1868
116021632,3968,238,97,39,4,0,11,4356
116021633,1906,123,35,21,4,0,0,2089
116031313,1457,147,110,47,6,3,27,1797
116031314,1123,80,50,28,0,0,5,1288
116031315,2889,214,104,53,6,0,18,3289
116031316,1955,182,152,63,5,3,30,2385
116031317,2506,176,86,58,5,5,14,2850
116031318,0,0,0,0,0,0,0,0
116031319,2890,206,81,59,8,5,12,3243
117011320,38,9,0,0,0,0,0,41
117011321,1575,125,47,12,0,0,7,1761
117011323,1553,113,35,9,0,0,5,1711
117011324,0,0,0,0,0,0,0,0
117011325,0,0,0,0,0,0,0,0
117011634,1013,58,14,4,0,0,7,1098
117011635,1784,123,30,16,4,0,14,1960
117021327,1663,118,29,8,7,0,4,1822
117021328,761,55,14,10,0,3,0,846
117021636,1107,67,26,10,0,0,4,1207
117021637,1193,79,18,17,0,0,4,1309
117031329,325,24,5,0,0,0,0,354
117031330,1292,103,16,9,0,0,0,1424
117031331,1173,108,15,5,0,0,5,1302
117031333,427,45,6,0,0,0,4,485
117031336,513,59,4,4,0,0,0,583
117031638,395,28,10,0,0,0,0,439
117031639,179,13,3,0,0,0,0,194
117031640,896,79,16,3,0,0,0,995
117031641,800,83,11,3,0,0,4,894
117031642,635,54,12,6,0,0,8,713
117031643,1017,75,15,4,0,0,7,1116
117031644,307,40,0,0,0,0,0,356
117031645,621,61,3,9,0,0,9,702
117031646,281,21,0,4,0,0,3,313
117031647,688,54,10,4,0,0,3,756
117031648,631,54,6,0,0,0,0,694
118011339,1738,125,27,4,0,0,0,1898
118011340,1797,130,37,6,0,0,0,1972
118011341,1598,110,20,5,3,0,0,1742
118011342,0,0,0,0,0,0,0,0
118011344,1346,109,30,8,0,0,0,1494
118011345,1154,96,27,0,0,0,0,1282
118011346,1423,105,22,5,0,0,0,1558
118011347,656,56,7,0,0,0,0,724
118011649,1429,128,25,9,0,0,7,1594
118011650,657,68,17,3,0,0,0,741
118021564,919,63,11,3,0,0,0,1002
118021565,1350,82,17,0,0,0,4,1462
118021566,1113,78,25,13,0,0,0,1232
118021567,1089,78,20,3,0,0,4,1187
118021568,1127,54,12,9,0,0,4,1214
118021569,1585,93,39,3,0,0,3,1722
118021570,1132,89,12,0,0,0,0,1236
118021651,1830,113,30,10,0,0,3,1983
118021652,1079,90,26,5,0,0,3,1211
118021653,1715,112,40,9,3,0,7,1887
118021654,647,60,14,0,0,0,3,732
119011354,2704,139,83,46,3,5,10,2987
119011355,195,7,0,6,0,0,0,214
119011356,1511,88,45,37,0,0,0,1689
119011358,2086,130,64,21,0,0,8,2318
119011360,2137,144,66,36,5,0,11,2397
119011361,2587,146,72,50,4,4,7,2870
119011571,1935,122,62,26,0,4,9,2157
119011572,1876,162,48,45,0,0,17,2150
119011655,1761,92,49,15,0,0,7,1933
119011656,1722,84,41,22,3,0,6,1874
119011657,1468,101,49,23,0,0,3,1645
119011658,2109,151,50,21,0,0,8,2348
119021362,2223,140,49,19,4,0,5,2448
119021366,2515,137,61,48,3,3,11,2780
119021367,1866,104,40,20,0,0,4,2033
119021573,2087,92,26,35,4,0,0,2251
119021574,1267,44,23,12,3,0,3,1359
119021659,1076,88,23,16,0,0,6,1219
119021660,730,58,15,5,0,0,4,810
119021661,1317,79,23,15,4,0,0,1441
119021662,2369,122,48,23,0,0,3,2566
119021663,782,40,17,5,0,0,3,851
119031370,1659,104,27,13,4,0,3,1813
119031371,1758,115,24,13,0,0,5,1912
119031372,2614,153,72,11,4,0,5,2868
119031373,1101,83,33,22,0,0,5,1240
119031374,3000,181,46,32,6,0,9,3273
119031664,1044,77,17,13,0,0,3,1144
119031665,1476,102,27,15,0,0,0,1628
119031666,1889,98,47,9,5,0,6,2046
119031667,1007,68,15,20,0,0,0,1108
119041377,1691,74,20,13,0,0,3,1809
119041378,1413,89,11,15,0,0,0,1535
119041379,1939,104,38,30,4,0,11,2120
119041380,1402,107,31,9,0,0,9,1560
119041381,1985,104,34,25,4,4,8,2158
119041382,1797,150,34,17,0,0,6,2008
119041668,1704,122,20,16,0,0,4,1870
119041669,1333,67,26,16,0,0,0,1445
119041670,1859,87,34,19,0,0,0,2007
119041671,595,51,3,11,0,0,3,656
120011383,2770,165,42,17,0,0,4,3004
120011385,2128,127,28,5,0,0,0,2285
120011386,2471,147,43,5,0,0,3,2674
120011672,1629,107,29,14,0,0,4,1779
120011673,959,94,5,3,0,0,3,1067
120021387,1663,128,30,0,0,0,0,1825
120021389,1551,118,24,0,6,0,3,1704
120021674,967,68,18,5,0,0,5,1061
120021675,1977,147,48,11,0,0,5,2178
120031392,1353,82,26,12,0,0,5,1475
120031393,2143,131,35,10,0,0,5,2328
120031394,1638,112,21,16,0,0,3,1788
120031395,1552,91,14,5,0,0,0,1660
120031396,2154,120,17,20,0,0,10,2320
120031576,509,24,12,5,0,0,0,546
120031676,986,48,7,9,0,0,3,1059
120031677,1081,66,16,12,0,0,0,1171
120031678,1114,97,11,16,0,0,8,1246
120031679,1308,72,25,8,0,0,3,1416
120031680,1264,73,11,8,0,0,3,1359
120031681,1295,55,12,12,0,0,0,1381
121011399,2602,163,39,4,0,0,6,2818
121011401,1172,86,19,0,0,0,0,1282
121011682,1231,78,11,4,0,0,0,1324
121011683,1973,108,45,5,0,0,9,2137
121011684,2219,152,19,18,4,0,8,2417
121011685,1649,105,30,16,0,0,5,1807
121011686,1990,114,24,3,0,0,0,2136
121011687,1795,99,28,8,0,0,3,1926
121021403,3234,218,58,36,7,0,4,3555
121021404,1710,109,46,12,0,0,6,1878
121021406,2868,146,47,22,0,6,3,3089
121021577,1331,68,9,8,0,0,0,1416
121021578,1452,96,31,12,0,0,3,1588
121021579,1602,84,19,7,0,0,5,1714
121031407,3102,256,47,21,0,0,6,3431
121031408,3583,231,47,8,0,0,9,3878
121031409,2667,166,26,14,0,0,0,2883
121031410,3219,196,52,19,0,6,12,3487
121031411,2887,161,43,9,0,0,0,3102
121031412,2637,171,36,21,0,0,6,2871
121041413,1840,140,31,4,0,0,0,2026
121041414,1573,129,18,0,0,0,3,1726
121041416,1144,106,19,0,0,0,3,1275
121041417,783,90,9,0,0,0,0,884
121041688,1445,123,25,10,0,0,0,1596
121041689,1640,124,17,5,0,0,0,1785
122011418,2936,224,68,8,3,0,4,3246
122011419,2085,191,28,4,0,0,8,2309
122021420,1457,161,35,6,0,0,0,1663
122021421,1409,123,21,10,0,0,4,1565
122021422,1638,165,34,7,0,0,6,1851
122021690,1690,131,45,5,3,0,7,1879
122021691,1455,126,44,15,0,0,0,1645
122031424,1953,137,48,28,0,0,11,2179
122031425,1094,79,30,8,3,0,3,1212
122031427,1988,113,31,7,0,0,0,2146
122031429,2503,186,61,15,0,0,6,2776
122031430,2414,153,44,7,0,0,8,2630
122031432,497,37,10,7,0,0,5,557
122031692,1188,82,28,8,0,0,5,1306
122031693,1742,127,36,8,4,0,6,1925
122031694,1163,86,13,5,0,0,3,1273
122031695,1668,137,34,14,0,0,4,1855
122031696,2651,169,58,14,0,0,5,2903
122031697,1090,112,27,8,0,0,5,1241
123011433,1500,141,65,9,0,0,11,1736
123011698,824,83,47,13,0,0,4,964
123011699,1684,177,99,15,0,0,7,1991
123011700,1657,181,66,19,3,4,5,1935
123011701,2484,264,143,23,3,3,8,2934
123011702,1263,146,75,11,0,0,14,1508
123021436,1960,218,121,37,9,3,17,2364
123021437,2144,207,98,26,3,0,13,2499
123021438,2255,215,106,40,3,4,13,2641
123021439,0,0,0,0,0,0,0,0
123021441,1755,157,100,35,5,5,24,2083
123021443,2681,201,80,61,3,6,15,3049
123021444,2118,215,125,58,8,5,28,2546
123021703,2267,138,62,30,3,0,5,2497
123021704,1444,82,30,21,0,0,9,1587
123021705,2015,171,55,43,4,0,9,2298
123021706,1605,107,55,34,0,0,14,1816
123031445,631,65,38,13,0,0,7,760
123031446,1450,131,73,21,4,0,8,1675
123031447,2011,225,140,27,5,0,11,2420
123031448,1246,105,54,12,5,0,10,1427
124011449,409,48,11,0,0,0,6,479
124011450,2347,208,82,20,0,0,3,2657
124011451,0,0,0,0,0,0,0,0
124011452,879,132,44,7,0,0,9,1070
124011453,1202,122,54,14,3,0,16,1414
124011454,2478,247,121,22,6,0,11,2887
124011455,572,59,16,3,0,0,3,669
124021456,0,0,0,0,0,0,0,0
124031457,1537,186,124,21,4,0,21,1893
124031459,1620,184,77,18,4,5,9,1917
124031460,2782,310,143,32,4,0,6,3286
124031461,1651,225,106,25,3,0,7,2021
124031462,2625,278,100,41,7,0,8,3060
124031463,1627,136,89,23,6,0,6,1884
124031464,1072,165,75,7,4,0,10,1334
124031465,806,63,36,5,0,0,4,916
124031707,1955,195,125,32,5,9,12,2330
124031708,1878,185,111,24,0,6,15,2211
124041466,1268,183,95,14,10,0,15,1582
124041467,1454,180,105,26,5,5,13,1788
124041468,752,69,42,11,0,0,5,883
124051469,847,76,43,4,0,0,8,985
124051470,2394,223,118,30,11,5,15,2795
124051580,1253,133,74,18,0,0,11,1491
124051581,1382,181,83,30,5,0,13,1695
125011475,0,0,0,0,0,0,0,0
125011582,1919,93,30,29,5,0,4,2083
125011583,894,58,13,9,0,0,4,978
125011584,1105,43,15,12,3,0,0,1187
125011585,957,46,18,15,0,0,3,1050
125011586,2249,134,35,35,3,0,3,2463
125011587,611,21,10,9,0,0,3,656
125011709,1144,72,25,5,0,0,4,1258
125011710,1727,150,26,3,0,0,8,1923
125021477,3139,217,72,28,0,5,8,3465
125021478,2352,151,47,19,0,0,5,2577
125021711,1748,96,30,23,3,0,0,1893
125021712,2861,165,43,26,0,0,7,3093
125031479,2271,146,69,49,0,0,7,2544
125031480,1588,93,37,44,0,0,7,1775
125031481,2353,128,53,36,3,0,9,2581
125031483,2468,118,56,39,6,0,9,2703
125031484,2510,140,63,42,0,3,7,2767
125031486,0,0,0,0,0,0,0,0
125031487,0,0,0,0,0,0,0,0
125031713,2163,133,65,16,4,0,3,2381
125031714,2675,153,53,23,0,0,3,2914
125031715,1530,95,38,20,3,0,0,1688
125031716,895,59,29,8,0,0,3,992
125041489,2381,156,49,7,0,0,3,2602
125041490,1246,62,20,8,0,0,3,1341
125041491,2525,127,33,14,0,0,5,2708
125041493,2877,150,51,37,4,0,11,3134
125041494,1653,110,33,7,0,0,3,1800
125041588,2081,83,19,20,4,0,0,2215
125041589,3129,115,25,27,0,0,4,3300
125041717,1270,62,7,9,0,0,0,1350
125041718,1044,57,13,9,0,0,5,1124
125041719,962,44,0,7,0,0,4,1029
126011496,3134,186,64,18,0,0,0,3408
126011720,2070,89,25,16,0,0,3,2198
126011721,2670,133,32,19,0,0,0,2860
126021498,1824,125,19,7,0,0,3,1987
126021499,1221,92,18,5,0,0,0,1334
126021500,2224,119,27,15,0,0,3,2390
126021501,2023,116,47,11,0,0,0,2193
126021503,2223,128,28,21,0,0,7,2407
126021590,609,32,11,4,0,0,0,659
126021722,1040,45,11,9,0,0,0,1106
126021723,2398,120,32,28,0,3,9,2586
126021724,2515,181,47,11,0,0,3,2757
126021725,1351,74,15,4,0,0,0,1435
127011504,1545,132,73,49,4,0,10,1811
127011505,1529,116,53,18,0,0,7,1721
127011592,3,0,0,0,0,0,0,3
127011593,1015,62,24,18,3,0,6,1125
127011594,1713,92,48,38,0,0,9,1904
127011595,1863,104,47,30,3,0,4,2055
127011596,2030,103,50,13,0,6,4,2205
127011597,2591,172,86,41,0,3,9,2898
127011726,577,71,30,0,0,0,3,682
127011727,2102,160,91,22,3,0,4,2387
127011728,1752,116,54,22,0,0,0,1940
127011729,2515,210,106,20,0,4,8,2866
127021509,2030,108,52,50,6,0,6,2255
127021510,2690,130,41,22,4,0,12,2905
127021511,2172,254,85,66,6,0,22,2601
127021512,1868,140,80,44,6,5,16,2171
127021513,2304,207,98,61,14,3,13,2700
127021514,1391,66,21,29,0,0,3,1517
127021515,1992,103,47,28,3,0,8,2189
127021516,2653,120,56,49,4,3,10,2894
127021517,1157,46,19,18,0,0,3,1245
127021518,558,22,9,3,0,0,0,593
127021519,2348,125,51,31,0,0,6,2565
127021520,1388,56,31,44,0,0,8,1527
127021521,3,0,0,0,0,0,0,3
127031522,2159,156,62,23,0,0,9,2410
127031523,2825,200,69,23,3,0,0,3125
127031524,2985,230,84,34,0,0,6,3330
127031599,1348,71,38,30,0,0,11,1500
127031601,544,38,14,3,3,0,0,604
127031730,1870,116,39,33,3,0,0,2072
127031731,1663,123,31,14,0,0,9,1839
127031732,1494,80,32,26,0,0,3,1640
127031733,2291,138,71,36,5,0,7,2548
128011529,2382,228,75,10,0,0,3,2699
128011530,2280,202,71,11,0,0,10,2583
128011531,1939,155,59,15,0,0,5,2165
128011602,1278,163,51,8,0,0,0,1498
128011603,1809,132,55,7,0,0,4,2012
128011604,2221,227,70,19,4,0,4,2533
128011605,520,28,14,4,0,0,0,560
128011606,1129,99,23,5,0,0,3,1273
128021533,826,67,25,7,0,0,4,928
128021534,1504,113,29,17,0,0,3,1667
128021535,2956,237,94,24,3,0,4,3321
128021536,3219,207,64,11,0,0,0,3505
128021537,3,0,0,0,0,0,0,3
128021538,2415,241,63,12,0,0,6,2731
128021607,2340,181,81,13,3,0,3,2627
128021608,1064,53,36,5,0,0,3,1165
128021609,553,39,17,4,0,0,0,613
197979799,0,0,0,0,0,0,0,0
199999499,0,0,0,0,0,0,0,0
201011001,1924,188,109,25,4,3,7,2259
201011002,1051,76,16,4,0,0,4,1147
201011005,821,54,34,4,0,0,7,925
201011006,999,101,77,13,0,5,7,1201
201011007,561,40,33,15,0,0,0,645
201011008,1117,115,89,17,4,0,8,1348
201011481,697,69,31,9,0,0,5,802
201011482,1577,96,41,6,0,0,4,1734
201011483,970,109,53,14,0,0,7,1147
201011484,769,98,68,19,3,3,11,964
201021009,672,56,39,11,0,0,6,780
201021010,673,58,40,5,6,0,4,779
201021011,716,56,32,4,0,0,8,816
201021012,691,54,30,5,0,0,9,793
201031013,236,24,9,7,0,0,4,282
201031014,344,29,22,3,0,0,5,403
201031015,470,44,35,5,0,0,7,564
201031016,498,57,32,4,3,0,3,593
201031017,368,46,37,4,0,0,9,469
202011018,996,87,41,13,0,3,8,1150
202011019,975,128,80,18,3,4,13,1215
202011020,1108,110,45,18,0,0,4,1282
202011021,781,64,32,0,0,0,0,884
202011022,1608,174,100,13,3,0,15,1916
202011023,773,57,32,4,0,0,3,873
202011024,1413,111,62,3,0,0,3,1589
202011025,1474,158,93,23,4,0,14,1756
202021026,1032,63,46,12,5,0,10,1165
202021027,826,72,26,6,0,0,4,937
202021028,799,61,29,4,0,0,0,884
202021029,345,42,29,5,0,0,3,421
202021030,1060,65,45,6,0,0,3,1179
202021031,925,62,29,8,0,0,0,1023
202031032,495,49,22,0,0,0,3,571
202031033,552,44,23,6,0,0,10,628
203011034,1054,71,40,6,0,0,8,1177
203011035,1001,85,49,5,4,0,4,1153
203011036,746,74,19,4,0,0,0,848
203021037,1378,110,49,0,0,0,0,1541
203021039,1041,83,31,4,3,0,0,1169
203021040,2209,141,51,11,0,0,5,2415
203021042,2837,180,89,10,0,0,7,3124
203021043,2285,184,115,25,5,3,14,2636
203021044,1343,156,72,15,0,0,7,1592
203021045,1040,132,56,10,3,0,6,1257
203021046,1222,56,12,8,0,0,0,1300
203021047,1413,125,51,15,0,5,5,1620
203021485,1047,92,61,5,0,0,3,1215
203021486,1481,166,94,24,10,0,12,1782
203021487,2631,190,100,22,3,0,11,2956
203021488,489,52,26,8,0,0,6,581
203031048,1524,177,95,17,0,0,12,1831
203031049,500,31,3,3,0,0,0,541
203031051,595,57,17,0,0,0,7,680
203031052,426,25,10,0,0,0,0,466
203031053,3009,190,85,7,0,0,0,3284
203031489,1298,99,60,7,0,0,0,1459
203031490,2144,147,50,11,0,0,5,2363
204011054,482,51,20,4,0,0,0,557
204011055,463,54,26,9,9,0,0,549
204011056,1523,155,91,19,5,0,8,1799
204011057,789,72,27,4,3,0,7,901
204011058,347,32,14,0,0,0,4,406
204011059,448,58,22,0,0,0,6,529
204011060,465,38,23,9,5,0,4,540
204011061,16,4,4,0,0,0,0,17
204011062,287,29,15,0,0,0,4,333
204021063,675,80,48,12,0,0,7,817
204021064,326,32,13,0,0,0,8,386
204021065,361,33,22,0,0,0,6,415
204021066,1586,143,103,11,7,3,15,1871
204021067,990,78,39,7,4,0,13,1138
204031068,428,30,13,0,0,0,0,471
204031069,736,55,21,5,0,0,9,821
204031070,306,38,19,0,0,0,0,360
204031071,389,37,19,0,0,0,4,447
204031072,492,37,17,4,0,0,3,563
204031073,1333,152,93,19,0,3,10,1613
204031075,574,40,28,5,0,0,4,647
204031491,1470,128,90,16,0,0,11,1718
204031492,1060,129,79,18,0,0,9,1296
205011076,1846,200,132,20,9,4,14,2221
205011077,623,56,25,3,3,0,4,728
205011078,745,72,57,11,0,0,4,893
205011079,2203,222,132,24,4,0,13,2589
205021080,0,0,0,0,0,0,0,0
205021081,1215,132,66,4,0,4,17,1439
205021082,729,59,40,14,0,0,12,865
205021083,0,0,0,0,0,0,0,0
205021084,714,76,41,9,0,0,7,847
205021085,420,35,29,7,0,0,6,499
205021086,396,56,17,7,0,0,0,476
205031087,691,52,28,7,0,0,8,783
205031088,10,0,0,0,0,0,0,9
205031089,929,89,56,10,3,0,7,1088
205031090,1011,104,50,6,0,0,7,1185
205031091,1009,79,40,4,0,0,10,1148
205031092,0,0,0,0,0,0,0,0
205031093,2052,202,107,12,6,0,18,2385
205041094,1069,116,65,6,0,0,16,1275
205041095,1179,164,113,12,0,0,17,1482
205041096,860,120,76,14,3,0,15,1093
205041098,471,51,38,3,0,0,6,575
205041493,969,132,61,10,0,5,3,1181
205041494,1571,169,93,6,0,0,10,1861
205051099,0,0,0,0,0,0,0,0
205051100,378,20,15,0,0,0,9,424
205051101,1308,116,73,14,0,0,6,1529
205051102,400,31,19,3,3,0,3,458
205051103,1256,137,79,4,3,0,8,1484
205051104,376,58,23,4,0,0,6,464
206011106,831,36,10,5,0,0,0,877
206011107,1253,45,22,9,0,0,0,1330
206011109,1431,63,17,0,0,0,0,1524
206011495,951,44,9,0,0,0,0,1006
206011496,837,40,14,3,0,0,4,899
206011497,1188,57,19,3,0,0,8,1270
206011498,1710,55,27,7,0,0,0,1804
206021110,1002,54,8,7,0,0,0,1066
206021112,1940,77,28,8,0,0,0,2059
206021499,1614,54,26,0,0,0,0,1706
206021500,999,45,15,5,0,0,0,1063
206031113,1685,86,17,12,0,0,4,1803
206031115,611,28,12,5,0,0,0,654
206031116,1655,84,20,5,0,0,0,1767
206031501,2113,81,24,4,0,0,4,2228
206031502,1277,64,23,4,0,0,0,1367
206041117,449,21,16,4,0,0,0,494
206041118,862,57,11,3,0,0,0,938
206041119,214,18,0,0,0,0,0,232
206041120,0,0,0,0,0,0,0,0
206041121,915,34,5,0,0,0,0,957
206041124,291,11,10,0,0,0,0,307
206041125,351,17,4,0,0,0,0,370
206041127,0,0,0,0,0,0,0,0
206041503,271,15,5,0,0,0,5,298
206041504,277,13,5,0,0,0,3,296
206041505,362,26,0,0,0,0,0,391
206041506,881,50,11,9,0,0,4,958
206041507,0,0,0,0,0,0,0,0
206041508,310,28,5,0,0,0,0,344
206041509,577,29,4,0,0,0,5,614
206041510,382,23,9,0,0,0,0,411
206051128,1401,89,24,6,3,0,0,1526
206051129,1138,89,28,6,0,0,0,1265
206051130,1377,126,28,7,0,0,4,1546
206051134,1093,52,18,0,0,0,0,1167
206051511,94,19,5,0,0,0,0,113
206051512,793,50,13,0,0,0,0,857
206051513,488,31,12,4,0,0,0,537
206051514,659,66,10,4,0,0,0,741
206061135,758,38,10,0,0,0,0,809
206061136,1077,63,19,0,0,0,0,1152
206061138,1072,58,19,3,0,0,0,1155
206061515,367,30,0,0,0,0,0,396
206061516,490,41,7,7,0,0,0,541
206071139,508,42,6,0,3,0,5,555
206071140,581,40,12,0,0,0,0,632
206071141,360,27,14,4,0,0,0,406
206071142,492,41,14,3,0,0,0,548
206071143,1006,42,21,3,0,0,0,1066
206071145,960,47,17,4,0,0,3,1033
206071517,1226,50,6,4,0,0,0,1290
206071518,747,68,13,6,0,0,3,838
207011146,1170,44,15,3,0,0,3,1238
207011147,2077,89,24,7,0,0,6,2206
207011148,3191,112,37,19,0,0,6,3370
207011149,2686,109,31,12,3,0,4,2848
207011150,2470,72,39,3,0,0,0,2587
207011152,1585,61,30,3,0,0,6,1680
207011154,888,22,14,4,0,0,0,933
207011155,2108,95,21,10,0,0,3,2236
207011519,940,45,8,3,0,0,3,998
207011520,949,41,12,6,0,0,0,1010
207011521,1326,45,16,5,0,0,4,1398
207011522,1478,72,22,3,0,0,0,1581
207021156,1427,53,21,0,0,0,6,1517
207021157,2745,120,41,18,3,0,10,2937
207021159,2294,107,43,18,0,0,6,2464
207021160,1841,106,26,10,0,0,4,1988
207021424,2249,100,23,15,0,0,6,2391
207021425,2094,68,32,14,3,0,0,2203
207031161,2885,101,45,7,0,0,5,3042
207031162,1437,58,23,3,0,0,4,1523
207031163,2071,105,26,10,0,0,4,2224
207031164,2281,101,39,12,0,0,11,2438
207031165,1072,47,15,6,0,0,0,1144
207031166,1270,63,16,8,0,0,0,1355
207031167,1280,66,15,8,0,0,0,1372
208011168,1927,85,43,5,0,0,4,2067
208011169,2642,149,44,16,0,0,0,2848
208011170,2235,122,47,3,0,0,6,2411
208011171,1602,97,40,7,0,0,0,1740
208011172,2351,136,27,7,0,0,5,2521
208011173,2072,101,26,5,0,0,6,2216
208021174,3299,148,60,8,0,0,6,3524
208021176,1883,59,22,3,0,0,0,1972
208021177,2310,101,21,0,0,0,0,2441
208021178,2216,106,25,7,0,0,0,2352
208021179,1269,54,18,0,0,0,0,1351
208021180,921,36,12,4,0,0,4,971
208021181,1146,47,9,3,0,0,8,1203
208021182,1495,68,16,4,0,0,0,1587
208021426,2406,91,38,12,0,0,0,2559
208021427,1921,108,41,6,0,0,0,2076
208031183,1391,63,33,7,0,0,0,1497
208031184,0,0,0,0,0,0,0,0
208031185,1287,142,40,4,5,0,3,1478
208031186,1486,130,41,8,0,0,8,1665
208031187,722,46,14,5,0,0,0,785
208031188,2804,143,42,8,0,0,6,3000
208031189,1729,105,31,6,0,0,3,1882
208031190,1444,77,31,6,0,0,0,1555
208031191,1152,72,37,3,0,0,5,1263
208031192,0,0,0,0,0,0,0,0
208031193,2617,166,71,3,0,0,0,2863
208041194,2187,100,39,6,0,0,0,2333
208041195,2668,90,17,5,0,0,4,2797
209011196,1181,52,25,7,0,0,0,1267
209011197,2685,153,60,13,0,0,5,2924
209011198,1917,90,24,5,0,0,0,2035
209011199,1327,72,29,6,0,0,4,1439
209011200,1499,58,17,7,0,0,0,1580
209011201,1087,43,12,0,0,0,0,1144
209011202,2029,111,34,11,0,6,4,2181
209011203,2511,105,44,7,0,0,3,2670
209011204,1116,62,34,0,0,0,0,1212
209021205,1113,55,22,7,0,0,0,1191
209021428,1879,96,32,9,0,0,5,2026
209021429,1503,56,23,6,0,0,6,1592
209021523,1340,79,30,16,0,0,7,1465
209021524,1081,45,21,6,0,0,8,1172
209021525,1166,69,24,7,0,0,4,1276
209021526,1524,80,22,10,0,0,0,1635
209031209,3336,196,65,7,0,0,5,3621
209031210,478,35,17,6,0,0,0,530
209031211,438,50,31,3,0,0,0,525
209031212,611,46,20,5,0,0,0,689
209031213,1420,70,33,4,0,0,0,1527
209031214,994,60,25,0,0,0,9,1080
209031215,2032,156,58,14,0,0,0,2267
209041216,898,45,6,4,0,0,4,960
209041217,593,42,10,8,0,0,0,649
209041220,2334,88,50,21,0,0,10,2505
209041221,1395,73,31,12,0,0,0,1522
209041223,2119,105,44,35,3,0,12,2323
209041224,2856,237,164,31,8,6,16,3310
209041225,1236,80,42,15,0,0,3,1384
209041431,1610,93,53,15,0,0,6,1781
209041432,833,53,25,22,0,0,4,933
209041433,1783,79,31,18,0,0,0,1916
209041435,1991,91,50,25,0,0,3,2158
209041436,1659,90,34,7,0,0,5,1797
209041437,3816,150,76,53,0,0,5,4107
209041527,2331,178,96,21,0,0,9,2628
209041528,1440,108,60,16,0,0,8,1628
209041529,1027,53,29,12,0,0,9,1128
209041530,1667,58,37,18,0,0,4,1783
209041531,1545,106,55,18,0,0,0,1726
209041532,1740,112,82,19,0,0,3,1957
210011226,901,55,22,5,0,0,0,985
210011227,0,0,0,0,0,0,0,0
210011228,1100,48,19,0,5,0,3,1186
210011230,975,53,18,8,0,0,0,1052
210011231,1461,58,27,10,0,0,3,1564
210011533,1473,51,32,9,0,0,5,1577
210011534,1931,104,30,8,0,0,4,2071
210021232,1897,112,48,3,0,0,9,2062
210021233,442,24,11,5,0,0,0,474
210021234,566,30,23,0,0,0,3,630
210021235,1251,93,46,11,7,0,3,1411
210031236,953,49,19,0,0,0,3,1028
210031237,1640,41,30,15,0,0,0,1733
210031439,422,23,10,3,0,0,0,458
210031440,698,35,9,11,0,0,3,761
210031535,1511,60,24,14,3,0,4,1605
210031536,881,35,15,12,0,0,0,941
210031537,902,37,12,8,0,0,3,960
210031538,2014,92,27,8,3,0,0,2144
210041240,1707,128,65,9,0,0,12,1928
210041539,629,40,28,14,0,0,0,708
210041540,1602,136,82,10,4,0,8,1839
210041541,1324,121,72,3,0,0,4,1522
210051242,1288,61,36,23,5,0,3,1406
210051243,1767,67,42,23,4,0,7,1918
210051245,2093,120,58,15,3,0,5,2296
210051246,3420,151,64,21,0,0,7,3662
210051247,1776,85,37,34,0,0,5,1932
210051248,7,0,0,0,0,0,0,7
210051250,637,35,19,3,0,0,5,702
210051441,988,59,21,13,0,0,7,1094
210051442,1856,83,47,24,0,0,3,2018
210051443,3165,126,53,39,4,0,7,3399
210051445,3546,175,78,41,0,6,4,3851
210051542,1622,50,29,20,0,0,3,1720
210051543,1922,87,40,14,0,3,4,2067
210051544,1324,48,24,12,0,0,0,1412
210051545,2213,61,34,26,0,0,0,2334
211011251,1302,96,39,12,0,0,4,1450
211011254,2277,129,40,9,0,0,4,2463
211011255,1050,52,24,9,0,0,0,1134
211011256,2141,126,50,17,0,0,6,2333
211011257,1186,70,29,8,0,0,0,1293
211011258,1531,90,38,10,0,0,0,1678
211011259,1885,115,35,7,5,0,7,2054
211011260,2322,135,43,23,0,0,4,2528
211011446,2358,200,81,29,3,0,10,2670
211011447,1474,103,67,16,3,0,6,1667
211011448,1917,144,56,10,7,0,6,2133
211011449,540,33,22,3,0,0,6,607
211021261,2292,99,31,19,0,0,6,2447
211021262,1449,78,29,10,0,0,0,1568
211031263,1428,107,58,11,0,0,3,1609
211031265,2560,160,61,5,0,0,3,2792
211031266,1983,130,50,14,3,0,6,2187
211031267,2679,133,49,13,3,0,4,2884
211031268,1325,69,20,7,0,0,3,1435
211031450,1588,110,64,15,0,0,6,1789
211031451,1552,122,42,13,0,0,3,1737
211031452,607,34,20,3,0,0,0,660
211041269,1324,52,12,11,0,0,0,1398
211041270,2136,97,31,14,0,0,0,2290
211041271,1519,58,15,9,0,0,5,1606
211041272,1563,72,20,10,4,0,0,1675
211041273,1571,67,28,10,0,0,4,1674
211051274,1278,96,45,14,0,0,3,1438
211051275,1479,109,64,11,0,0,4,1672
211051276,1388,152,71,13,3,0,8,1622
211051277,1038,70,42,4,0,0,5,1165
211051278,2178,195,89,17,0,0,6,2489
211051279,681,62,34,3,0,0,5,778
211051280,889,83,26,3,0,0,9,1012
211051281,2751,246,109,36,5,0,11,3163
211051282,1152,76,25,13,0,0,3,1277
211051283,1250,109,57,11,0,0,3,1439
211051284,1260,84,45,3,0,0,0,1399
211051285,995,100,43,10,0,0,3,1145
211051286,1584,140,103,18,0,4,15,1874
212011289,2342,197,92,8,0,0,14,2662
212011546,3225,207,112,17,4,4,10,3577
212011547,1135,84,53,0,0,0,3,1283
212011548,1102,112,69,15,5,0,3,1306
212011549,1618,165,98,18,6,0,11,1912
212011550,942,73,42,7,0,0,0,1063
212011551,526,50,22,5,5,0,3,607
212011552,3156,258,199,42,4,0,20,3674
212021293,2760,201,74,17,3,0,3,3063
212021295,1117,71,48,13,0,0,10,1251
212021297,1338,73,37,21,0,0,5,1467
212021299,1164,63,21,14,0,0,7,1271
212021453,1576,91,37,18,3,0,4,1725
212021454,1790,73,47,20,0,0,4,1933
212021455,1784,126,49,11,5,0,4,1978
212021456,1678,101,44,26,7,3,11,1872
212021553,2699,175,92,20,0,0,6,2991
212021554,1687,106,72,14,0,0,0,1881
212031300,2112,199,103,31,3,0,15,2462
212031303,2345,212,107,19,0,0,11,2693
212031304,2923,150,136,39,5,0,9,3260
212031306,2897,145,57,42,0,5,8,3150
212031308,904,100,54,8,3,0,3,1082
212031457,1973,121,82,25,0,0,3,2206
212031458,2322,130,77,28,3,3,7,2570
212031555,1807,88,49,16,0,0,3,1966
212031556,2344,161,85,49,0,0,3,2644
212031557,3345,177,120,69,5,3,15,3730
212031558,1660,134,74,36,5,5,5,1917
212031559,2006,101,71,23,0,0,4,2212
212031560,1407,126,59,19,9,0,7,1634
212031561,1612,94,44,27,3,4,4,1787
212031562,1584,109,56,33,7,3,9,1800
212041309,1486,47,21,22,0,0,8,1582
212041310,1403,68,32,27,0,4,10,1539
212041312,2576,145,50,44,0,0,12,2834
212041313,1389,86,44,9,0,0,0,1534
212041316,856,50,28,18,0,0,6,955
212041317,2174,133,66,60,5,0,13,2445
212041318,1373,106,46,41,0,3,10,1585
212041459,1197,69,32,17,3,0,9,1322
212041460,1905,158,73,51,10,4,15,2214
212041563,1959,111,34,24,3,4,0,2134
212041564,1007,27,19,11,0,0,3,1072
212041565,1729,104,49,50,3,3,11,1947
212041566,2433,99,61,39,0,0,5,2636
212051319,2213,113,36,15,0,0,0,2369
212051321,3002,103,32,27,0,0,10,3173
212051322,2814,102,35,23,0,0,0,2979
212051323,2239,75,25,12,0,0,5,2361
212051324,2620,102,35,11,0,0,4,2778
212051325,2591,110,50,34,0,0,9,2796
212051326,2682,137,37,20,3,0,4,2882
212051327,2686,91,36,25,0,0,3,2838
212051567,383,27,9,7,0,0,0,422
212051568,955,33,6,9,0,0,5,1008
213011328,594,33,18,14,0,0,3,665
213011329,1392,70,40,21,0,0,7,1529
213011331,956,56,16,14,0,0,3,1058
213011332,1495,67,40,23,4,0,0,1630
213011333,1465,95,60,38,9,5,7,1677
213011334,1822,145,66,50,3,7,12,2100
213011335,1567,116,54,36,0,0,15,1790
213011336,889,56,16,18,0,0,8,985
213011337,1200,91,51,38,0,0,3,1381
213011338,1874,115,63,35,0,0,5,2107
213011339,1378,103,47,20,5,4,4,1555
213011340,2482,127,44,15,3,0,3,2670
213011569,1982,91,71,45,0,0,12,2202
213011570,1300,60,33,27,0,0,0,1421
213021341,1466,98,35,8,0,0,0,1613
213021342,2035,132,65,8,3,0,7,2257
213021343,1566,83,47,16,0,0,3,1709
213021344,2478,132,40,4,0,0,0,2658
213021345,726,25,18,3,0,0,0,776
213021346,2010,120,32,4,0,0,8,2176
213031347,1723,147,43,34,3,0,9,1955
213031348,1086,59,16,10,5,0,5,1175
213031349,1337,64,25,9,0,4,7,1446
213031350,1104,48,16,4,0,0,5,1171
213031351,1208,54,23,4,0,0,5,1297
213031352,1872,87,17,5,0,0,4,1992
213041353,2697,254,157,21,3,3,14,3148
213041358,2316,194,126,48,5,3,14,2713
213041359,2259,131,62,45,3,4,4,2508
213041360,3180,160,75,29,0,3,6,3453
213041461,829,56,28,9,0,0,0,924
213041462,1061,56,29,9,0,0,0,1155
213041463,2910,168,88,39,6,0,15,3220
213041571,1184,80,64,21,0,0,4,1352
213041572,1112,63,37,10,0,0,4,1228
213041573,451,44,21,3,0,0,0,518
213041574,1552,75,55,14,4,3,0,1707
213041575,2456,126,57,17,3,0,9,2658
213041576,1212,109,69,21,3,0,9,1427
213041577,579,79,48,7,0,0,8,723
213041578,1600,134,100,36,3,0,20,1887
213051361,2220,154,73,36,7,0,13,2493
213051362,2037,135,75,39,0,0,12,2305
213051363,1340,61,21,20,5,0,3,1451
213051368,1827,160,76,17,0,4,11,2094
213051464,2915,145,96,22,0,0,4,3182
213051466,3364,139,70,34,3,0,6,3613
213051467,1881,145,75,29,0,0,13,2145
213051468,2687,224,116,13,10,0,9,3060
213051579,1693,86,57,22,0,0,0,1865
213051580,2073,122,47,18,3,0,7,2267
213051581,1459,96,47,9,0,0,0,1610
213051582,1574,69,39,30,0,3,0,1715
213051583,4328,147,113,78,9,0,23,4687
213051584,1117,37,26,22,0,0,3,1207
213051585,1603,77,38,21,0,0,5,1741
213051586,1308,35,16,19,0,0,0,1384
213051587,1569,43,33,21,0,0,3,1673
213051588,2843,87,44,46,0,0,13,3040
213051589,1099,81,55,21,5,3,3,1262
213051590,1710,100,50,36,4,0,6,1914
214011370,2215,235,125,20,10,0,6,2617
214011371,1768,219,107,15,4,0,7,2121
214011372,1378,187,103,21,7,5,14,1706
214011373,2277,174,72,7,0,0,0,2539
214011374,2926,266,164,27,3,5,12,3412
214011375,1568,163,58,21,9,0,11,1825
214011376,1735,177,96,15,0,0,6,2027
214021377,1012,139,50,0,0,0,6,1210
214021378,537,34,17,3,0,0,3,591
214021379,2063,202,103,16,3,0,10,2406
214021381,2568,130,48,8,0,0,9,2765
214021382,2361,177,84,9,0,0,4,2638
214021383,1498,129,53,9,5,0,8,1710
214021384,1641,139,69,10,5,0,8,1876
214021385,1964,228,125,14,0,0,13,2341
214021591,1554,155,70,12,0,0,11,1802
214021592,717,82,18,4,0,0,5,822
215011386,536,61,39,10,0,0,4,653
215011387,306,19,8,0,0,0,0,335
215011388,1464,153,105,13,0,3,15,1743
215011389,366,27,12,0,0,0,0,397
215011390,579,40,17,10,0,0,0,657
215011391,269,16,11,0,0,0,0,306
215011392,637,51,36,4,0,0,3,740
215011393,209,8,15,0,0,0,4,239
215011394,465,28,27,0,0,0,4,527
215021395,851,64,33,10,3,0,7,963
215021396,460,39,20,3,0,0,0,536
215021398,293,24,20,3,0,0,3,343
215021399,528,65,45,12,0,0,5,659
215021469,1216,143,77,21,0,4,15,1479
215021470,1428,122,98,17,9,0,18,1681
215031400,496,26,22,0,0,0,5,554
215031401,537,59,20,8,0,0,3,626
215031402,275,20,22,0,0,0,3,320
215031403,276,20,6,7,5,0,4,323
215031404,955,74,56,11,0,0,7,1099
215031405,569,52,32,8,0,0,3,664
216011406,1241,139,77,19,3,0,10,1492
216011407,991,93,64,5,0,0,5,1164
216011408,391,32,17,7,0,0,3,449
216011409,308,27,27,0,0,0,5,365
216011410,282,24,20,7,0,0,6,334
216021411,434,52,29,6,0,0,3,529
216021412,256,21,16,3,0,0,0,296
216021413,1033,91,68,13,5,0,12,1226
216021414,613,68,41,12,0,0,0,742
216031415,543,69,34,16,0,0,5,676
216031416,1879,162,84,25,3,0,15,2166
216031418,431,29,19,6,0,0,0,491
216031419,967,88,50,4,0,0,7,1125
216031593,1130,68,49,13,0,4,6,1265
216031594,1305,111,63,15,3,0,12,1503
217011420,721,66,37,6,0,0,10,841
217011421,870,61,39,7,0,0,12,986
217011422,857,97,49,4,0,0,5,1005
217011423,595,36,20,6,0,0,3,655
217031471,262,26,17,0,0,0,0,305
217031472,1066,92,38,11,0,0,5,1216
217031473,573,39,22,3,0,0,13,644
217031474,445,36,23,0,0,0,4,506
217031475,667,39,36,0,0,0,3,749
217031476,256,21,12,0,0,0,7,298
217041477,675,45,46,7,3,0,15,786
217041478,975,69,40,10,6,0,15,1111
217041479,2126,208,99,11,6,0,15,2454
217041480,1104,94,36,5,3,0,5,1250
297979799,0,0,0,0,0,0,0,0
299999499,0,0,0,0,0,0,0,0
301011001,1729,227,107,14,3,0,6,2081
301011002,992,93,28,9,0,0,0,1118
301011003,1632,205,84,12,7,0,11,1952
301011004,1812,214,91,32,4,0,10,2167
301011005,350,33,14,3,0,0,0,400
301011006,1390,165,64,19,4,0,0,1636
301021007,1279,183,83,10,0,4,4,1561
301021008,706,67,20,8,0,0,6,805
301021009,1960,301,141,18,0,0,12,2430
301021011,1179,128,44,16,4,0,5,1379
301021012,2316,311,137,19,0,0,15,2799
301021013,1379,214,84,14,3,0,13,1699
301021550,130,16,5,0,0,0,0,155
301021551,270,71,26,0,0,0,13,379
301031014,0,0,0,0,0,0,0,0
301031015,835,95,24,0,0,0,0,963
301031016,1404,180,56,8,0,0,8,1653
301031017,497,63,27,3,0,0,0,585
301031018,968,118,47,12,3,0,5,1146
301031019,1484,131,50,5,0,0,0,1673
301031020,1484,165,57,13,0,0,3,1728
301031021,1550,237,96,16,3,3,8,1913
302011022,887,104,47,9,0,0,0,1050
302011023,1501,119,32,12,3,0,5,1672
302011024,1079,115,29,6,0,0,4,1231
302011025,1031,110,34,0,0,0,7,1184
302011026,1078,87,30,7,0,0,5,1206
302021027,1393,122,44,6,0,0,5,1568
302021028,631,76,19,3,0,0,0,742
302021029,776,82,22,12,0,0,0,881
302021030,500,53,22,0,0,0,4,586
302021031,1565,122,36,11,0,0,0,1731
302021032,578,58,17,6,0,0,5,666
302021033,757,65,34,0,0,0,9,856
302021034,1361,129,41,8,3,0,0,1540
302031035,940,102,41,13,3,0,6,1107
302031036,0,0,0,0,0,0,0,0
302031037,96,23,9,0,0,0,0,116
302031038,777,65,30,8,5,0,4,890
302031039,1210,129,56,7,0,0,3,1418
302031040,910,98,28,6,0,0,6,1051
302041041,2050,213,92,17,0,0,5,2391
302041042,1102,127,39,7,0,0,7,1286
302041043,375,45,10,0,0,0,0,427
302041044,729,64,19,0,0,0,5,818
302041045,1445,119,47,19,0,0,6,1639
302041046,704,77,29,14,4,0,4,832
303011047,1644,123,46,8,0,0,0,1825
303011048,752,67,24,3,0,0,0,846
303011049,1220,116,26,13,0,0,0,1376
303011050,617,73,20,0,0,0,4,712
303011051,2262,162,59,10,0,0,7,2505
303021052,909,72,18,7,0,0,3,1017
303021053,1692,122,43,11,0,0,3,1874
303021054,403,46,18,0,0,0,0,469
303021055,789,63,15,4,0,0,0,869
303021056,1058,93,35,7,0,0,3,1198
303021057,747,47,15,5,0,0,0,812
303021058,401,42,7,4,0,0,0,454
303021059,953,102,22,0,0,0,3,1086
303031060,1843,151,32,19,0,0,9,2056
303031061,521,41,12,7,0,0,3,590
303031062,1178,81,26,11,0,0,10,1309
303031063,1701,148,51,11,0,0,4,1914
303031064,1727,129,28,15,0,0,0,1906
303031065,883,82,31,5,0,0,0,1009
303031066,1530,87,45,14,0,5,4,1687
303041067,499,32,19,5,0,0,0,551
303041068,1080,84,15,11,0,0,0,1184
303041069,470,41,3,11,0,0,4,531
303041070,812,48,26,0,0,0,3,900
303041071,1511,97,40,9,0,0,3,1663
303051072,1000,93,35,17,6,0,4,1155
303051073,3053,212,83,32,4,0,9,3397
303051074,1528,112,55,24,3,0,3,1732
303051075,2314,190,69,24,3,0,12,2617
303051076,727,67,38,19,0,0,4,860
303061077,1274,76,27,8,0,0,7,1388
303061078,1608,124,36,21,4,0,8,1813
303061079,809,57,24,13,0,0,3,902
303061080,1990,171,71,31,0,0,15,2274
304011081,944,81,24,13,0,0,5,1060
304011082,869,90,26,3,0,0,0,991
304011083,501,56,16,3,0,0,0,575
304011084,1322,108,21,4,0,0,4,1461
304011085,627,58,10,6,0,0,3,701
304021086,1417,148,52,9,0,0,0,1636
304021087,942,80,22,4,0,0,0,1054
304021088,1556,117,19,8,0,0,0,1697
304021089,698,44,8,4,0,0,0,759
304021090,1294,109,30,11,0,0,0,1454
304021091,813,46,21,0,3,0,0,890
304031092,1104,67,23,4,0,0,0,1200
304031093,636,55,16,7,0,0,3,720
304031094,1465,88,18,7,0,0,0,1588
304031095,723,62,13,6,0,0,4,801
304031096,794,58,9,0,0,0,0,865
304031097,754,54,15,4,0,0,0,831
304041098,819,91,14,0,0,0,0,926
304041099,3,0,0,0,0,0,0,3
304041100,684,83,18,10,0,0,6,793
304041101,1047,89,26,8,5,0,4,1170
304041102,0,0,0,0,0,0,0,0
304041103,2308,194,67,9,0,0,0,2577
304041104,1623,162,50,8,0,0,4,1848
305011105,432,81,7,0,0,0,4,526
305011106,240,33,5,0,0,0,0,285
305011107,508,55,10,7,0,0,0,582
305011108,374,56,0,0,0,0,0,437
305011109,721,68,13,5,0,0,5,813
305011110,620,81,3,0,0,0,0,703
305011111,336,27,5,0,0,0,0,367
305011112,1107,122,29,6,0,0,3,1271
305021113,558,39,12,0,6,0,0,619
305021114,791,98,21,0,0,0,3,915
305021115,397,66,8,6,0,0,0,472
305021116,641,56,9,0,0,0,4,709
305021117,1354,150,24,5,0,0,0,1539
305021118,819,71,16,0,0,0,0,912
305031119,233,16,7,0,0,0,0,253
305031120,713,51,7,0,0,0,0,776
305031121,526,59,14,0,0,0,3,602
305031122,976,72,29,0,0,0,0,1083
305031123,675,48,17,0,0,0,0,741
305031124,442,48,7,3,0,0,5,503
305031125,648,54,14,5,0,0,0,722
305031126,716,75,12,7,0,0,0,811
305031127,505,37,13,0,0,0,0,556
305031128,633,106,13,3,0,0,0,756
305031129,511,40,4,4,0,0,0,560
305031130,667,67,7,0,0,0,0,745
305031131,1010,56,22,3,3,0,0,1097
305041132,1854,111,42,4,0,0,0,2013
305041133,459,39,3,0,0,0,0,502
305041134,1407,94,33,6,0,0,0,1544
305041135,1050,94,26,0,0,0,0,1173
305041136,557,50,13,0,0,0,3,622
305041137,899,77,14,0,0,0,6,988
306011138,638,92,31,10,0,0,6,772
306011139,973,146,32,8,0,0,5,1159
306011140,336,46,8,0,0,0,3,398
306011141,1646,210,58,16,0,0,5,1940
306011142,1513,247,89,20,0,0,15,1879
306011143,337,62,16,3,4,0,9,432
306021144,749,119,64,24,8,7,13,977
306021145,413,76,18,8,4,0,7,514
306021146,692,89,29,9,5,0,12,836
306021147,1001,179,87,23,3,0,10,1296
306021148,890,142,45,16,5,4,0,1110
306021149,899,129,36,21,3,0,8,1101
306021150,0,0,0,0,0,0,0,0
306021151,299,43,23,14,0,0,4,387
306021152,257,42,20,8,0,0,3,328
306021153,880,119,42,22,0,0,5,1072
306021154,276,42,19,10,5,0,3,357
306021155,314,58,32,9,0,0,3,426
306021156,672,94,24,7,3,0,4,803
306021157,276,56,24,8,0,0,5,377
306031158,395,24,16,9,0,0,4,454
306031159,620,75,40,17,3,0,5,771
306031160,680,63,30,9,0,5,10,792
306031161,762,91,29,5,4,0,7,900
306031162,0,0,0,0,0,0,0,0
306031163,179,15,7,24,0,0,3,223
306041164,486,49,32,7,0,4,3,574
306041165,326,37,16,0,0,0,3,391
306051166,803,98,50,11,0,0,6,977
306051167,284,32,19,8,3,4,14,369
306051168,364,33,13,9,8,0,4,436
306051169,723,62,26,8,0,0,10,838
306051170,878,81,64,15,0,3,16,1063
307011171,374,37,17,5,0,0,3,436
307011172,767,64,43,0,0,4,3,889
307011173,576,43,26,9,4,0,7,664
307011174,328,28,27,0,0,0,6,388
307011175,309,27,19,5,0,0,4,359
307011176,536,95,50,3,0,0,7,695
307011177,573,67,21,3,0,0,9,664
307011178,266,17,13,5,0,0,7,315
307021179,704,51,42,12,3,0,6,820
307021180,609,79,52,16,0,4,7,765
307021181,250,16,18,0,0,0,3,293
307021182,532,43,34,9,3,0,5,623
307021183,1435,209,97,22,3,6,17,1788
307031184,458,40,28,3,4,0,4,534
307031185,368,29,14,0,0,0,6,422
307031186,388,25,18,9,0,0,8,446
307031187,339,30,29,6,0,0,5,410
307031188,495,45,30,5,0,0,0,573
307031189,1074,169,91,9,4,0,14,1368
308011190,570,62,38,9,0,3,5,697
308011191,668,61,37,7,0,0,0,776
308011192,1358,254,96,18,4,4,9,1749
308031205,420,118,43,11,5,0,16,605
308031206,165,25,10,0,0,0,8,205
308031207,358,64,35,6,0,0,4,468
308031208,796,152,47,9,4,0,8,1018
308031209,544,57,17,4,0,0,6,625
308031210,1018,246,121,10,8,3,14,1426
308031211,357,71,43,10,8,0,7,489
308031212,130,19,10,3,3,0,9,175
308031213,985,177,70,20,3,0,13,1269
308031214,351,84,37,8,0,0,8,484
308031215,605,146,63,5,5,3,0,825
308031216,420,84,29,9,3,0,3,551
308031217,137,24,12,7,5,0,6,180
308031218,330,46,20,4,0,0,3,395
308031219,439,37,25,7,0,0,4,511
308031220,281,24,9,6,0,0,0,328
308031221,0,0,0,0,0,0,0,0
308031222,628,89,26,6,0,0,4,754
308031223,1616,352,103,10,0,3,22,2103
308041528,832,63,48,9,0,0,3,951
308041529,526,44,36,4,0,0,0,611
308051530,440,46,27,10,0,0,10,530
308051531,993,159,59,11,4,0,12,1228
308051532,0,0,0,0,0,0,0,0
308051533,1366,240,100,14,5,5,17,1740
308051534,384,67,24,3,0,0,7,486
308051535,1151,161,103,13,0,0,12,1443
308051536,314,47,24,0,0,0,3,395
308051537,0,0,0,0,0,0,0,0
308051538,639,82,48,3,4,0,7,785
308051539,303,67,29,6,0,0,3,408
309011224,800,97,37,3,0,0,0,935
309011225,582,84,8,4,0,0,0,684
309011226,1560,164,54,6,4,0,8,1803
309011227,680,73,18,4,0,0,4,777
309011228,1285,109,35,4,4,0,7,1447
309011229,597,72,20,4,0,0,0,695
309021230,288,56,16,0,0,0,0,365
309021231,1030,149,39,3,0,0,7,1237
309021232,1024,118,49,10,3,0,3,1215
309021233,1347,167,47,11,6,0,4,1584
309021234,1406,176,49,10,0,0,9,1650
309031235,1134,142,56,8,0,0,8,1345
309031236,634,88,26,0,0,0,0,752
309031237,670,118,37,10,0,0,10,840
309031238,1066,156,45,6,0,0,8,1292
309031239,838,87,39,0,0,0,0,979
309031240,666,93,31,11,0,0,9,799
309041241,430,49,23,4,0,0,4,509
309041242,1556,198,74,21,3,0,9,1861
309051243,899,87,31,9,0,0,9,1033
309051244,2409,257,116,19,0,0,15,2811
309051245,1142,109,49,6,0,0,0,1317
309061246,1250,155,55,13,4,0,4,1474
309061247,890,126,45,8,0,0,7,1076
309061248,1999,230,128,29,5,0,14,2416
309061249,2196,276,168,20,3,0,12,2675
309061250,1027,101,39,10,0,0,6,1180
309071251,1998,308,196,20,3,6,11,2548
309071252,2148,291,108,23,5,0,14,2588
309071253,1259,157,40,10,5,0,5,1470
309071254,495,67,19,3,0,0,6,600
309071256,2159,248,121,20,3,3,11,2577
309071552,1187,188,102,4,4,0,3,1493
309071553,1424,214,101,17,3,0,10,1771
309071554,1027,143,72,5,0,0,5,1253
309071555,957,168,112,21,6,5,10,1277
309071556,1529,172,91,11,5,0,7,1821
309071557,2161,320,173,39,0,6,15,2714
309071558,735,98,53,6,0,0,10,909
309081259,446,46,18,5,0,0,0,524
309081260,701,83,39,3,0,0,0,823
309081262,1531,224,71,11,3,0,5,1841
309081559,1768,220,65,10,3,0,7,2077
309081560,707,106,29,7,0,0,0,853
309091263,1198,120,51,9,4,0,9,1392
309091264,678,92,42,8,0,0,3,820
309091265,906,114,51,11,3,0,0,1082
309091540,747,105,22,6,0,0,3,882
309091541,1197,163,37,11,4,0,11,1420
309101267,1115,134,46,3,4,0,3,1301
309101268,510,59,16,10,0,0,0,594
309101269,174,21,0,0,0,0,0,203
309101561,428,65,16,3,0,0,0,520
309101562,617,107,20,0,4,0,3,744
310011271,486,39,17,6,0,0,0,556
310011272,797,66,32,19,3,0,9,927
310011274,1584,163,95,52,9,5,17,1935
310011275,988,91,38,10,0,0,0,1129
310011276,198,20,15,9,0,0,3,246
310011563,1036,93,49,14,4,4,4,1216
310011564,2563,265,107,39,0,0,18,2996
310021277,1129,123,63,13,4,0,12,1344
310021278,318,42,30,0,0,0,6,401
310021279,0,0,0,0,0,0,0,0
310021280,1716,312,139,37,5,8,27,2235
310021281,1261,179,119,24,3,0,20,1603
310021282,1101,180,90,24,0,4,23,1419
310031283,917,158,98,18,7,0,9,1200
310031284,657,117,60,18,4,3,12,872
310031285,652,91,64,6,0,0,6,820
310031286,472,85,24,7,0,0,3,587
310031287,1267,207,114,19,5,0,22,1642
310031288,537,72,32,3,0,0,4,652
310031289,869,92,50,11,0,0,8,1029
310031290,811,66,29,10,0,0,0,918
310031291,502,102,59,9,7,0,12,693
310031292,444,71,44,5,3,0,3,578
310031293,1424,246,118,15,7,0,16,1825
310031294,1432,229,124,13,3,0,12,1808
310031295,161,40,20,8,4,0,8,230
310041297,912,113,56,20,4,0,10,1115
310041298,0,0,0,0,0,0,0,0
310041299,1137,156,80,29,9,0,3,1415
310041300,852,86,88,33,4,0,5,1074
310041301,0,0,0,0,0,0,0,0
310041302,2114,250,228,60,10,6,19,2697
310041303,855,116,59,13,0,0,9,1052
310041304,3037,374,177,36,3,0,16,3646
310041565,1374,133,51,8,3,4,0,1579
310041566,897,110,95,16,9,3,3,1121
311011305,1081,148,90,13,4,3,10,1352
311021306,490,104,34,6,3,0,6,654
311021307,815,108,87,15,3,0,15,1048
311021308,881,140,81,20,4,6,4,1128
311021309,500,76,30,8,3,0,3,623
311021310,888,170,86,9,5,0,6,1166
311031311,1675,218,120,31,6,7,21,2077
311031312,710,88,69,15,0,0,7,888
311031313,804,119,67,10,3,0,10,1021
311031314,1018,164,92,38,5,3,16,1334
311031315,0,0,0,0,0,0,0,0
311031316,925,120,70,18,0,0,8,1137
311031317,1439,155,149,38,6,0,17,1803
311031318,509,59,32,7,0,0,6,620
311031319,1820,225,105,32,3,3,21,2209
311041322,948,125,68,19,3,0,7,1164
311041567,760,123,58,19,3,0,6,967
311041568,1426,164,93,15,0,0,8,1708
311041569,824,101,44,20,0,5,11,1006
311041570,2110,255,149,26,7,9,17,2560
311041571,934,170,141,15,0,0,5,1273
311051323,893,123,99,14,3,0,9,1140
311051324,1093,130,41,10,4,0,3,1278
311051325,1187,158,87,23,0,0,3,1459
311051326,956,120,63,26,9,0,10,1174
311051327,1478,169,59,19,4,0,15,1743
311051328,608,77,48,16,0,3,4,757
311061329,784,91,32,12,0,0,7,922
311061330,720,86,60,27,4,0,6,907
311061331,460,52,26,16,0,6,14,565
311061332,1848,188,58,17,3,0,11,2127
311061333,787,110,43,25,6,0,8,982
311061334,956,111,53,12,4,0,3,1143
311061335,905,68,25,13,0,0,6,1017
311061336,860,95,60,30,5,0,6,1060
312011337,665,99,52,13,3,0,17,848
312011338,625,62,36,6,0,0,0,734
312011339,361,26,16,0,0,0,0,405
312011340,284,37,16,4,0,0,8,350
312011341,907,133,68,11,0,0,3,1124
312021342,1304,276,109,17,5,0,19,1737
312021343,263,52,26,0,0,0,3,346
312021344,1332,276,108,18,4,0,3,1749
312021345,0,0,0,0,0,0,0,0
312021346,159,40,10,0,0,0,4,217
312021347,34,13,0,0,0,0,0,48
312021348,1224,173,65,15,0,0,9,1497
312021349,431,87,27,9,0,0,3,555
312021350,564,108,39,7,0,0,3,725
312021351,897,170,59,3,0,0,0,1133
312021352,1081,116,68,15,0,0,16,1299
312021353,774,72,43,12,0,0,4,916
312021354,569,139,39,7,3,0,0,765
312021355,238,45,24,0,5,0,0,318
312021356,495,103,38,8,5,0,6,655
312021357,868,114,62,4,0,0,4,1053
312021358,489,84,34,4,0,0,4,611
312031359,836,227,67,4,0,0,0,1146
312031360,0,0,0,0,0,0,0,0
312031361,773,92,41,7,0,0,8,926
313011362,1056,232,96,17,0,0,13,1419
313011363,917,193,55,23,4,0,16,1203
313021364,754,124,56,12,5,0,8,950
313021366,1608,301,198,37,9,4,21,2174
313021367,493,82,30,9,0,0,4,619
313021368,887,174,110,17,3,3,14,1204
313021369,450,55,20,11,0,0,5,543
313021572,1208,269,146,22,4,0,15,1666
313021573,940,141,99,20,8,0,13,1218
313031370,453,50,39,6,0,0,6,562
313031371,695,105,57,5,8,0,13,883
313041372,1530,250,126,18,9,4,8,1945
313041373,1611,295,131,46,9,0,16,2115
313041374,604,88,41,5,4,3,4,753
313041375,2461,388,224,23,12,4,8,3116
313041376,368,45,24,3,4,0,4,447
313051377,622,123,29,3,3,3,11,799
313051378,771,152,38,7,4,0,3,975
313051379,573,114,38,6,0,0,8,746
313051380,1309,217,116,31,3,4,9,1687
313051574,3,0,0,0,0,0,0,3
313051575,1310,186,76,12,4,0,4,1592
314011382,2101,202,87,12,0,0,6,2423
314011383,2669,295,130,9,5,0,8,3124
314011384,1070,106,49,14,0,0,3,1244
314011385,1141,113,43,5,0,0,10,1315
314011386,2974,320,118,11,5,5,13,3440
314011387,1647,132,48,12,0,0,6,1847
314021389,2613,328,155,31,3,0,10,3150
314021576,435,65,35,8,0,0,0,548
314021577,1791,303,146,28,13,0,12,2290
314021578,1918,212,118,24,3,4,6,2284
314021579,2809,385,147,20,4,4,16,3377
314031391,1035,137,86,18,0,0,9,1286
314031392,615,81,53,7,4,0,4,762
314031393,925,129,43,8,5,0,10,1114
314031394,1216,146,89,16,7,0,8,1483
315011395,70,3,5,5,0,0,7,92
315011396,452,67,39,24,6,0,18,609
315011397,65,12,8,0,0,0,0,77
315011398,89,19,9,19,8,0,3,132
315011399,186,30,26,11,3,4,9,257
315011400,406,40,18,10,0,0,3,469
315011401,242,34,22,23,5,0,8,332
315011402,295,23,27,48,4,0,14,411
315011403,405,73,35,10,5,0,3,525
315021404,287,41,13,45,4,0,11,408
315021405,1540,232,123,33,7,3,22,1956
315021406,239,28,22,6,0,0,3,310
315021407,242,16,17,4,0,0,0,283
315031408,392,38,12,3,0,0,3,446
315031409,281,41,15,0,0,0,5,341
315031410,138,23,6,0,0,0,4,164
315031411,201,26,17,5,4,0,3,254
315031412,272,30,21,3,0,0,3,323
316011413,1743,177,58,13,4,0,4,2002
316011414,1860,228,56,12,0,0,8,2163
316011415,1320,178,59,7,4,0,9,1579
316011416,934,147,66,4,3,0,0,1152
316021417,972,134,46,6,0,0,10,1170
316021418,587,101,23,5,0,0,8,715
316021419,277,56,15,0,0,0,3,351
316021421,1016,119,28,13,0,0,10,1193
316021422,675,87,27,5,0,0,4,795
316021423,942,128,43,0,0,0,4,1117
316021424,884,156,51,5,9,0,3,1101
316021580,1711,264,100,16,5,3,7,2098
316021581,1303,223,85,16,0,4,8,1644
316031425,1521,184,39,8,0,0,5,1757
316031426,890,139,38,3,5,0,3,1082
316031427,1347,185,52,14,0,0,9,1609
316031428,850,109,20,4,3,0,9,986
316051434,356,29,11,0,0,0,0,399
316051435,621,96,20,0,0,0,0,740
316051437,632,75,20,3,0,0,5,727
316051438,801,122,34,7,0,0,9,977
316051543,430,31,16,4,0,0,0,482
316051544,1202,158,55,3,0,0,5,1429
316061439,873,127,56,4,6,0,3,1066
316061440,621,65,38,6,0,0,3,732
316061441,611,93,50,11,0,0,3,763
316061442,1748,236,94,16,0,0,11,2097
316061443,570,58,15,3,0,0,5,646
316061444,1155,149,62,14,5,0,8,1387
316071545,1129,125,57,6,4,0,8,1334
316071546,486,52,14,3,0,0,3,562
316071547,1270,170,56,19,7,0,11,1529
316071548,1930,307,137,17,5,0,5,2409
316081549,2281,284,84,27,3,0,21,2703
317011445,919,117,38,13,0,0,3,1094
317011446,1136,132,75,14,0,0,10,1364
317011447,684,121,65,15,0,0,9,895
317011448,553,66,31,10,0,0,3,662
317011449,830,126,64,10,0,0,9,1037
317011450,1648,204,94,17,0,0,9,1968
317011451,1239,122,65,19,0,0,21,1469
317011452,851,88,24,6,0,0,7,984
317011453,607,88,34,14,4,3,7,749
317011454,429,66,33,9,0,0,7,537
317011455,800,85,31,4,0,0,0,923
317011456,993,121,61,4,0,0,7,1189
317011457,955,96,36,7,0,0,4,1099
317011458,1533,216,94,29,0,3,6,1884
317011459,843,133,90,12,4,0,15,1095
318011460,659,87,34,0,6,0,7,793
318011461,705,76,24,4,0,0,8,816
318011462,453,53,40,8,6,0,8,564
318011463,327,36,15,8,0,0,5,383
318011464,288,33,21,4,0,0,0,345
318011465,522,30,17,9,0,0,7,584
318011466,100,13,10,15,0,4,12,157
318021467,316,80,29,6,0,0,0,426
318021468,882,137,46,15,0,0,3,1085
318021469,282,27,15,4,0,0,0,327
318021470,963,199,63,5,4,0,10,1237
318021471,741,146,83,25,7,3,14,1018
318021472,434,74,36,7,4,0,3,555
318021474,623,76,22,3,0,0,0,722
318021475,334,61,25,4,0,0,0,419
318021476,513,100,34,9,3,0,3,656
318021477,234,60,22,8,0,0,3,325
318021478,348,62,12,0,0,0,3,423
318021479,334,55,17,3,0,0,3,415
318021480,816,185,96,22,6,3,14,1135
318021481,472,107,55,8,4,0,10,652
318021482,1375,258,97,10,0,0,13,1758
318021483,109,12,3,0,0,0,0,131
318021484,1026,170,55,6,3,0,6,1269
318021485,246,37,17,5,0,0,3,310
318021486,491,110,37,6,3,0,6,663
318021487,631,100,37,9,0,0,10,780
318021488,297,61,17,8,0,0,0,380
318021489,450,62,22,7,0,0,3,542
318021490,479,82,12,0,3,0,6,586
318021491,347,79,33,9,0,0,7,471
318021582,2140,413,175,24,4,0,14,2766
318021583,533,117,51,8,4,0,4,720
319011492,439,53,47,3,0,0,4,545
319011493,1391,228,87,14,3,0,9,1730
319011494,534,85,56,7,0,0,3,684
319011495,288,45,22,6,0,0,5,367
319011496,474,65,36,8,3,0,0,587
319011497,429,86,35,15,3,0,5,574
319011498,736,101,30,14,6,0,13,894
319011499,708,91,40,12,0,0,13,864
319011500,496,71,46,9,6,0,0,624
319011501,388,67,35,8,3,0,8,508
319011502,724,125,57,16,6,6,3,938
319021503,447,47,27,0,0,0,3,526
319021504,342,48,14,8,0,0,8,414
319021505,756,111,63,5,0,0,10,946
319021506,575,67,37,18,3,3,19,716
319021507,351,40,27,5,6,0,6,430
319021508,254,23,11,3,0,0,6,305
319021509,536,95,39,19,3,0,15,715
319021510,0,0,0,0,0,0,0,0
319031511,282,28,14,7,0,0,0,330
319031512,966,174,95,13,0,3,19,1270
319031513,578,90,45,8,0,0,8,729
319031514,1740,229,114,25,5,4,20,2140
319031515,299,29,15,0,3,0,4,354
319041516,451,84,35,13,0,0,4,589
319041517,504,92,25,0,0,0,5,630
319041518,911,171,86,15,5,3,11,1203
319041519,333,58,25,3,5,0,0,422
319041520,861,164,77,12,0,0,13,1135
319041521,988,169,60,14,3,0,20,1250
319051522,629,95,48,16,0,0,10,796
319051523,219,30,17,0,3,0,0,272
319051524,1018,206,105,26,3,0,19,1377
319051525,581,99,45,0,0,0,3,735
319051526,479,75,25,6,0,0,6,597
397979799,0,0,0,0,0,0,0,0
399999499,0,0,0,0,0,0,0,0
401011001,520,52,7,0,0,0,0,576
401011002,368,23,3,0,0,0,3,398
401021003,830,69,32,7,0,0,5,946
401021004,2336,150,64,7,0,0,3,2565
401021005,527,46,17,0,0,0,0,592
401021006,1014,79,43,5,0,0,9,1141
401021007,2353,194,124,8,3,0,5,2692
401021008,763,57,47,11,0,0,7,885
401021009,623,49,28,9,0,0,0,709
401021010,726,50,30,0,0,0,0,815
401031011,2378,113,45,14,0,0,0,2551
401031012,1388,62,27,16,0,0,5,1502
401031013,1948,72,30,8,0,0,6,2059
401041014,1326,63,31,7,0,0,0,1428
401041015,2268,153,48,27,0,0,3,2497
401041016,2842,135,64,20,0,0,9,3070
401051017,824,72,19,0,7,0,0,920
401051018,1349,64,20,6,0,0,0,1439
401051019,1492,60,33,5,0,0,4,1591
401061020,789,38,14,0,0,0,0,850
401061021,1786,114,40,9,0,0,0,1953
401061022,828,41,14,3,0,0,3,895
401071023,1847,99,57,3,0,0,9,2022
401071024,2275,115,44,6,0,0,4,2450
402011025,1073,117,62,23,0,0,7,1277
402011026,1815,211,124,15,9,0,6,2181
402011027,741,81,55,12,4,0,10,906
402021028,2007,231,156,36,11,0,23,2453
402021029,1318,201,134,48,10,3,21,1739
402021030,696,68,55,11,0,0,10,842
402021031,1174,127,86,22,6,3,19,1436
402021032,1692,157,119,33,3,0,11,2026
402021033,320,19,16,4,0,0,3,360
402021034,726,107,88,23,5,3,10,958
402021035,583,40,27,3,0,0,3,660
402031036,2543,144,71,39,0,0,9,2807
402031038,2552,138,54,30,9,3,8,2787
402031175,2017,106,48,40,0,0,5,2198
402031176,1143,72,36,16,0,0,3,1259
402041039,0,0,0,0,0,0,0,0
402041040,1551,96,63,29,0,0,3,1753
402041041,1578,121,74,20,0,0,7,1811
402041042,0,0,0,0,0,0,0,0
402041043,2100,130,88,46,9,0,24,2390
402041044,1827,182,119,39,5,7,17,2195
402041046,1673,120,105,22,0,0,20,1940
402041047,1776,166,129,30,0,0,14,2121
402041048,1674,184,132,27,3,6,22,2051
402041171,1590,106,50,17,0,0,3,1769
402041172,832,53,37,18,0,0,3,946
402051049,1193,106,38,9,3,0,0,1354
402051050,1102,123,42,13,4,0,3,1281
402051051,1314,119,37,15,0,0,3,1494
402051052,1640,130,54,23,4,0,6,1852
402051053,2213,205,68,19,5,0,14,2529
402051054,1901,164,80,17,4,0,5,2169
402051055,1360,93,53,13,0,0,6,1527
403011056,1472,119,41,3,0,0,9,1654
403011057,1702,134,53,9,0,0,8,1898
403021058,1350,86,37,15,0,0,4,1491
403021059,1517,125,61,6,0,3,0,1715
403021060,1101,88,50,5,9,0,3,1251
403021061,1416,94,46,21,4,0,4,1580
403021062,1601,120,44,13,0,0,8,1785
403021063,1381,109,56,4,5,0,6,1562
403021064,1430,119,46,13,0,0,5,1613
403031065,606,61,20,0,0,0,0,690
403031066,751,50,17,3,0,0,5,827
403031067,1716,105,48,3,0,0,8,1887
403031068,2023,110,36,5,0,0,5,2185
403031069,2047,117,53,3,0,0,4,2230
403031070,877,76,19,5,0,0,6,979
403041071,1412,117,49,4,0,0,0,1588
403041072,1379,167,136,11,4,0,14,1707
403041073,627,92,62,12,5,0,9,801
403041074,798,104,64,13,3,0,9,993
403041075,337,23,11,4,0,0,0,377
403041076,587,40,22,4,0,0,0,655
403041077,1340,115,54,4,0,0,0,1513
403041078,610,72,50,4,3,0,10,755
403041079,534,70,56,13,3,0,4,685
403041080,1491,123,81,9,6,0,6,1716
403041081,0,0,0,0,0,0,0,0
403041082,0,0,0,0,0,0,0,0
403041083,784,74,37,5,0,0,0,899
403041084,1165,145,85,17,3,0,6,1430
403041085,760,106,65,0,0,0,7,939
403041086,978,114,47,6,0,0,9,1151
403041088,386,34,16,0,0,0,3,441
403041089,1340,92,73,14,5,0,4,1519
403041177,1312,171,105,15,3,0,17,1631
403041178,1123,110,61,13,0,5,11,1322
404011090,946,71,27,13,0,0,6,1047
404011091,1760,97,54,19,0,0,0,1937
404011092,1852,113,45,9,0,0,5,2023
404011093,1715,91,32,11,3,0,13,1864
404011094,644,60,14,9,0,0,3,733
404011095,1656,120,50,11,3,0,6,1846
404011096,1349,128,51,10,0,0,10,1545
404011097,1932,125,68,26,3,0,7,2163
404021098,0,0,0,0,0,0,0,0
404021099,1291,122,50,13,5,0,6,1484
404021100,1272,139,77,13,0,0,14,1515
404021101,943,115,54,21,6,3,4,1140
404021102,1986,116,55,38,0,0,13,2220
404021103,0,0,0,0,0,0,0,0
404031104,0,0,0,0,0,0,0,0
404031105,336,19,10,0,0,0,0,368
404031106,1517,82,27,5,0,0,0,1638
404031107,2521,169,56,13,0,0,15,2773
404031108,1464,99,41,15,0,0,5,1625
404031109,577,38,31,0,0,0,0,645
405011110,655,54,24,5,0,0,3,746
405011111,992,75,65,10,0,0,11,1150
405011112,759,59,38,12,4,0,0,878
405011113,297,23,19,9,0,0,4,352
405011114,642,70,39,3,0,0,5,750
405011115,443,43,11,0,0,0,3,496
405021116,343,19,11,4,0,0,0,385
405021117,406,47,16,3,0,0,5,480
405021118,325,20,20,3,0,0,11,378
405021119,757,67,47,20,0,3,8,903
405031120,386,30,18,3,0,0,4,434
405031121,351,17,13,4,0,0,4,397
405031122,990,106,77,15,9,0,22,1219
405031123,284,15,16,5,0,0,8,329
405041124,411,41,33,11,0,0,8,501
405041125,287,21,21,6,0,0,3,344
405041126,229,31,18,7,0,0,3,288
405041127,494,37,29,0,0,0,7,569
405041128,240,23,16,0,0,0,0,280
406011129,214,14,7,9,0,0,7,263
406011130,589,38,30,3,0,0,5,666
406011131,366,20,17,4,0,0,0,404
406011132,190,9,13,0,0,0,0,208
406011133,1324,115,84,16,3,0,11,1562
406011134,306,20,20,9,0,0,8,353
406011135,0,0,0,0,0,0,4,8
406011136,1578,172,134,21,0,0,31,1942
406011137,0,0,0,0,0,0,0,0
406021138,168,13,10,25,6,0,18,236
406021139,73,10,0,4,0,0,0,86
406021140,128,15,7,3,0,0,0,151
406021141,91,11,7,0,0,0,8,116
406021142,908,94,77,13,3,6,21,1122
406021143,403,46,23,7,0,0,5,483
407011144,688,75,45,0,3,0,6,817
407011145,352,18,13,0,0,0,0,395
407011146,678,66,42,3,5,0,3,802
407011147,803,75,58,19,0,0,4,960
407011148,933,101,54,11,3,0,18,1125
407011149,457,46,38,14,0,0,8,560
407021150,532,39,31,7,3,0,9,617
407021151,292,16,17,0,0,0,0,333
407021152,373,32,27,9,0,0,5,456
407021154,552,47,27,10,0,0,3,640
407021155,273,7,13,0,0,0,0,292
407021156,260,17,19,5,0,0,0,296
407021157,625,48,40,0,0,0,11,723
407021158,307,25,20,0,0,0,3,351
407021173,1232,132,93,13,0,4,10,1487
407021174,1138,115,120,20,0,0,13,1407
407031159,513,56,32,6,0,0,8,615
407031160,266,34,11,0,0,0,4,316
407031161,248,18,6,3,0,0,5,277
407031162,433,45,27,3,0,0,9,517
407031163,148,14,9,0,0,0,0,170
407031164,418,38,23,3,0,0,8,493
407031165,1298,144,113,23,6,3,12,1603
407031166,337,26,24,4,0,0,10,406
407031167,313,34,20,4,0,0,0,374
407031168,486,46,31,4,0,0,6,581
407031169,369,44,28,9,0,0,9,455
407031170,485,39,23,4,0,0,10,562
497979799,0,0,0,0,0,0,0,0
499999499,0,0,0,0,0,0,0,0
501011001,534,108,23,5,5,0,7,677
501011003,1116,216,35,4,0,0,8,1381
501011004,918,182,35,0,0,0,4,1149
501011293,680,182,39,12,0,0,4,917
501011294,1496,368,109,13,7,0,17,2004
501021005,1858,418,122,23,6,3,14,2451
501021007,460,101,32,3,0,0,9,606
501021008,362,81,39,4,4,0,3,492
501021009,593,144,56,18,9,0,8,831
501021010,314,50,10,5,0,0,9,393
501021011,0,0,0,0,0,0,0,0
501021012,1097,248,89,18,3,0,8,1465
501021014,775,139,67,4,0,0,9,1005
501021015,523,117,44,3,4,0,5,699
501021016,313,84,20,9,0,0,7,434
501021251,1027,226,80,14,3,0,11,1368
501021252,347,65,13,9,0,0,3,430
501021253,902,174,29,8,0,0,0,1115
501021254,310,74,26,8,0,0,5,424
501031017,522,98,28,3,0,0,6,660
501031018,460,102,27,7,0,0,5,603
501031019,416,63,23,9,0,0,0,515
501031020,332,67,23,0,3,0,4,426
502011021,648,222,57,12,6,0,4,949
502011022,665,203,43,8,5,0,5,923
502011023,575,204,49,5,4,0,18,857
502011024,1436,441,102,7,6,0,19,2011
502011025,391,120,40,4,4,0,6,569
502011026,411,145,38,6,0,0,17,614
502011027,1999,576,165,19,0,0,20,2778
502011028,617,175,46,18,0,0,10,871
502011029,759,229,73,14,4,0,21,1093
503011030,881,98,20,7,0,0,3,1001
503011031,802,74,13,4,0,0,6,900
503011032,798,105,20,0,0,0,3,919
503011033,1287,92,27,6,0,0,4,1410
503011034,1156,119,24,0,0,0,3,1304
503011035,2035,167,40,11,0,0,0,2252
503011036,1216,133,26,0,3,0,0,1380
503021037,0,0,0,0,0,0,0,5
503021038,1348,123,15,3,0,0,4,1498
503021039,1586,169,18,8,0,0,3,1788
503021040,951,98,14,4,0,0,4,1070
503021042,1636,155,21,5,0,0,0,1821
503021043,1993,181,29,7,0,0,5,2214
503021295,544,87,13,0,0,0,0,648
503021296,544,68,4,4,0,0,0,626
503021297,393,60,10,0,0,0,0,458
504011044,1473,237,64,14,4,0,3,1797
504011045,2575,308,73,13,0,0,11,2989
504011046,906,110,17,3,0,0,0,1040
504011047,2173,314,65,29,5,0,9,2605
504011048,908,93,20,6,0,0,4,1033
504021049,245,66,20,5,0,0,0,341
504021050,823,136,34,4,0,0,6,1002
504021051,566,108,33,6,0,0,8,722
504021052,0,0,0,0,0,0,0,0
504021053,1335,324,65,9,5,0,12,1759
504021054,952,222,63,27,7,0,16,1294
504031055,0,0,0,0,0,0,0,0
504031056,2046,277,95,32,9,0,9,2473
504031057,2460,308,110,52,7,4,14,2961
504031058,486,140,51,9,0,0,0,691
504031060,305,65,11,4,0,0,4,384
504031061,573,111,18,6,0,0,6,711
504031062,1388,194,53,23,3,0,10,1678
504031063,0,0,0,0,0,0,0,0
504031064,0,0,0,0,0,0,0,0
504031065,491,82,22,5,3,0,5,614
504031066,626,147,31,11,0,0,4,819
504031067,695,141,52,8,5,0,7,905
504031068,1395,295,89,15,9,0,9,1804
504031069,0,0,0,0,0,0,0,0
504031298,1856,332,105,28,5,5,12,2333
504031299,1414,236,79,26,6,0,0,1761
504031300,1890,435,151,31,3,8,14,2528
505011070,1054,188,47,6,0,0,3,1293
505011071,1690,272,68,12,4,0,7,2053
505011072,2070,260,66,10,6,0,6,2414
505011073,1449,215,65,9,6,0,13,1757
505011074,1066,205,54,6,0,0,4,1345
505011075,1416,161,36,9,0,0,6,1621
505011076,1424,205,33,10,0,0,10,1680
505011077,1179,211,57,6,0,4,6,1467
505011078,1520,216,55,13,0,0,8,1813
505011079,1395,231,49,12,0,0,0,1693
505011080,1004,176,34,0,3,0,0,1225
505011081,965,150,37,4,0,0,4,1159
505011082,1284,147,22,8,3,0,3,1465
505011083,1243,163,30,4,0,0,8,1446
505021084,1554,188,54,14,0,0,6,1819
505021085,1876,204,71,32,8,5,13,2201
505021087,0,0,0,0,0,0,0,0
505021088,1700,242,39,9,0,0,4,1990
505021089,2933,322,59,12,5,0,4,3331
505021090,1673,201,41,19,3,0,9,1953
505021091,3,0,0,0,0,0,0,3
505021092,1324,239,35,0,0,0,5,1603
505021093,1634,158,33,9,4,0,0,1841
505021094,897,101,17,0,0,0,3,1018
505021095,1000,119,19,7,3,0,3,1144
505021096,1891,201,43,8,5,0,0,2154
505021097,1633,161,40,8,0,0,4,1847
505021301,1497,115,39,18,0,0,3,1674
505021302,1205,128,33,8,4,0,4,1389
505031098,1216,139,57,19,5,0,12,1445
505031099,2057,511,197,26,15,5,13,2822
505031100,2224,437,146,26,9,4,15,2852
505031101,1337,229,92,14,0,0,4,1681
505031102,730,97,45,15,0,0,3,884
505031104,1117,126,49,18,0,0,8,1323
505031105,2470,466,106,17,0,0,17,3076
505031106,0,0,0,0,0,0,0,0
505031107,1668,280,92,16,0,0,8,2066
505031255,1521,384,138,13,3,5,3,2059
505031256,77,8,5,0,0,0,0,95
505031257,316,125,33,4,0,0,0,479
505031258,1005,285,99,11,3,0,7,1405
505031303,1543,234,70,18,12,0,5,1893
505031304,2328,260,82,27,3,0,6,2707
505031305,1957,246,66,31,0,0,6,2305
505031306,1407,294,86,13,0,0,13,1819
506011110,1717,370,168,39,11,6,26,2329
506011111,0,0,0,0,0,0,0,0
506011112,485,83,31,8,0,0,5,617
506011114,759,196,52,6,6,0,12,1038
506011115,814,145,35,18,0,0,11,1013
506011116,798,130,40,0,3,0,6,978
506011117,1199,221,85,18,0,3,17,1545
506011307,1795,222,56,21,0,0,0,2094
506011308,2443,328,78,23,5,0,4,2882
506021118,1177,180,46,13,4,0,0,1424
506021119,1509,172,41,10,0,0,13,1745
506021120,0,0,0,0,0,0,0,0
506021121,0,0,0,0,0,0,0,0
506021123,1227,184,22,5,0,0,7,1441
506021309,728,108,28,10,3,0,9,894
506021310,726,82,13,5,0,0,5,840
506021311,763,92,22,8,0,0,6,889
506031124,1404,154,52,18,3,0,11,1632
506031125,1363,172,38,14,0,0,4,1599
506031126,0,0,0,0,0,0,0,0
506031127,2135,204,47,37,0,0,21,2450
506031128,1447,178,42,20,0,0,8,1703
506031129,1950,159,32,17,0,4,8,2170
506031130,0,0,0,0,0,0,0,0
506031131,2792,297,58,18,7,0,11,3180
506041132,2084,232,81,26,4,0,16,2444
506041133,3311,367,82,42,3,7,8,3824
506041134,1778,283,108,38,5,0,19,2237
506041135,2885,397,108,40,4,4,16,3447
506041136,1488,214,68,22,9,0,10,1806
506041137,2460,355,119,34,10,4,23,2999
506051138,2073,339,96,24,7,4,11,2559
506051139,1065,231,80,10,4,0,10,1399
506051140,1503,275,52,11,4,3,8,1856
506051141,1304,195,65,16,7,0,4,1586
506061142,2253,517,199,38,9,0,21,3041
506061143,794,150,45,10,5,0,0,1006
506061144,383,100,26,10,3,0,3,521
506071145,1138,154,25,6,0,0,0,1317
506071146,1222,139,21,12,0,0,3,1400
506071147,1567,173,29,4,4,0,5,1774
507011148,2936,415,106,25,3,0,10,3491
507011150,0,0,0,0,0,0,0,0
507011151,0,0,0,0,0,0,0,0
507011152,1136,179,44,13,0,0,3,1372
507011153,747,113,24,14,0,0,7,904
507011154,790,153,31,5,0,0,11,995
507011155,0,0,0,0,0,0,0,0
507011158,346,59,8,5,0,0,0,423
507011159,1074,168,49,11,0,0,8,1304
507011160,994,157,30,9,0,0,11,1195
507011161,2190,321,89,17,0,3,9,2635
507011163,821,139,38,4,3,0,10,1014
507011259,1155,196,53,15,0,5,3,1424
507011260,282,61,14,3,0,0,4,358
507021164,840,126,21,0,0,0,5,987
507021165,1204,176,21,5,0,0,4,1415
507021166,1422,190,44,9,0,0,0,1664
507021167,0,0,0,0,0,0,0,0
507031169,2141,411,114,35,0,0,10,2714
507031170,515,118,44,3,3,0,8,697
507031172,0,0,0,0,0,0,0,4
507031173,0,0,0,0,0,0,0,0
507031174,825,193,78,16,5,3,15,1136
507031261,995,156,62,11,0,0,9,1236
507041175,1376,167,21,5,0,0,5,1570
507041176,513,39,4,3,4,0,0,563
507041177,1456,190,41,6,0,0,0,1691
507041178,1796,196,41,14,4,0,10,2058
507041179,984,115,10,11,0,0,0,1127
507041180,1441,154,34,10,0,0,0,1642
507041181,2092,242,55,12,0,0,4,2412
507041182,1227,132,28,11,0,0,4,1396
507041183,448,78,21,3,0,0,3,553
507041184,806,89,20,8,0,0,0,922
507051186,538,159,54,6,8,0,12,773
507051187,1220,353,102,17,13,7,24,1731
507051188,890,223,78,11,5,0,16,1230
507051189,0,0,0,0,0,0,0,0
507051190,947,218,66,6,0,0,17,1253
507051191,2388,620,189,20,6,0,18,3242
507051192,1071,284,80,22,6,0,11,1467
507051193,848,226,77,17,6,0,10,1181
507051312,1120,316,113,12,9,0,5,1579
507051313,2816,757,238,25,5,0,20,3869
507051314,220,69,15,3,0,0,0,314
509011225,935,170,44,10,0,0,9,1176
509011226,312,62,19,9,0,0,3,402
509011227,442,89,21,5,0,0,0,559
509011228,451,89,24,0,0,0,0,561
509011229,282,22,14,8,0,0,4,333
509011230,356,40,17,3,0,0,4,425
509011231,355,36,14,8,0,0,8,420
509011232,287,48,11,3,0,0,0,356
509011233,963,181,71,17,0,0,19,1260
509011234,382,79,18,8,0,0,13,500
509011235,0,0,0,0,0,0,0,0
509021236,548,129,49,10,3,0,5,738
509021237,268,40,23,3,0,0,9,335
509021238,283,34,17,0,0,0,5,346
509021239,553,133,33,3,8,0,9,747
509021240,382,57,14,4,0,0,8,464
509021241,368,44,13,3,0,0,5,432
509021242,202,22,10,0,0,0,0,229
509021243,740,169,63,15,4,0,17,1004
509021244,255,82,16,7,0,0,8,374
509021245,317,62,20,4,5,0,16,416
509031246,251,33,23,3,3,0,4,318
509031247,369,28,18,3,0,0,4,419
509031248,192,49,9,3,0,0,3,252
509031249,307,33,8,4,3,0,8,362
509031250,357,37,28,4,0,0,5,433
510011262,1114,199,56,19,10,0,24,1435
510011263,380,48,26,42,5,5,25,526
510011264,216,26,19,23,8,3,15,298
510011265,461,88,20,26,3,0,10,605
510011266,148,24,11,3,0,0,9,203
510021267,105,14,9,17,6,0,12,150
510021268,405,77,40,10,0,0,5,536
510021269,397,73,24,8,0,0,3,503
510021270,896,167,94,20,10,3,11,1196
510031271,494,85,36,3,0,0,7,627
510031272,1759,271,102,15,3,0,6,2162
510031273,425,63,21,3,0,0,9,533
511011274,902,163,65,12,4,0,9,1149
511011275,339,33,18,3,0,0,3,393
511021276,292,57,25,14,4,0,6,387
511021277,322,72,15,4,3,0,4,415
511031278,467,100,56,8,0,0,3,632
511031279,1226,221,63,24,9,0,7,1550
511031280,884,156,64,8,0,0,10,1129
511031281,0,0,0,0,0,0,0,0
511031282,231,50,21,10,0,0,6,317
511031283,183,27,8,19,0,3,16,249
511031284,0,0,0,0,0,0,0,0
511041285,630,156,35,15,0,0,10,852
511041286,557,148,44,14,4,0,10,771
511041287,735,202,41,12,0,0,12,1013
511041288,939,199,70,7,0,3,7,1217
511041289,238,52,18,3,0,0,5,316
511041290,72,9,4,5,0,0,8,97
511041291,251,37,13,0,0,0,3,305
511041292,356,74,21,8,0,0,10,470
597979799,0,0,0,0,0,0,0,0
599999499,0,0,0,0,0,0,0,0
601011001,477,76,93,13,0,0,13,668
601011002,679,95,59,11,0,3,3,851
601011003,533,62,31,7,0,0,4,643
601021004,571,45,9,7,0,0,9,640
601021005,1045,96,55,7,0,0,9,1207
601021006,354,25,21,5,0,0,0,405
601021007,1222,115,63,6,0,0,4,1405
601021008,613,74,23,3,0,0,3,718
601021009,339,54,32,4,0,0,10,429
601021010,207,31,29,3,0,0,4,266
601021011,593,90,64,12,3,0,3,768
601021012,514,49,20,5,0,0,5,588
601031013,451,49,38,3,0,0,4,547
601031014,433,75,42,4,0,0,8,564
601031015,644,99,58,5,3,0,6,813
601031016,305,34,26,5,0,0,0,374
601031017,871,102,52,18,0,0,7,1052
601031018,440,48,32,11,0,0,6,528
601031019,456,42,21,13,0,0,0,532
601031020,543,70,50,12,5,0,7,687
601031021,390,40,31,10,0,0,0,478
601041022,1271,156,74,14,0,0,4,1515
601041023,1164,84,54,8,3,0,10,1324
601041024,1000,77,70,11,0,0,3,1158
601041025,0,0,0,0,0,0,0,0
601041026,413,25,13,0,4,0,0,455
601051027,422,30,8,0,0,0,0,467
601051028,993,74,34,8,0,0,6,1111
601051029,474,37,17,0,0,0,0,532
601051030,520,51,16,0,0,0,3,594
601051031,1040,52,18,0,3,0,5,1115
601051032,593,39,24,6,0,0,4,663
601051033,575,48,14,0,0,0,3,638
601061034,698,103,53,3,5,0,10,864
601061035,873,115,73,8,0,0,5,1069
602011036,178,24,22,4,0,0,0,237
602011037,395,49,33,0,0,0,0,481
602011038,390,34,4,9,0,0,4,442
602011039,516,47,27,0,0,0,0,595
602011040,272,27,29,5,0,0,3,345
602011041,709,74,57,18,6,5,7,870
602011042,479,41,10,3,0,0,0,547
602011043,330,46,22,0,0,0,6,404
602011044,659,59,29,0,0,0,4,755
602011045,220,31,30,0,0,0,6,290
602011046,696,81,40,0,6,0,0,820
602011047,378,32,25,4,0,0,9,442
602011048,435,42,23,5,0,0,8,511
602011049,512,28,25,5,0,0,0,568
602011050,323,35,33,4,0,0,3,395
602011051,378,37,16,0,0,0,0,426
602011052,456,43,42,5,0,0,0,539
602021053,243,34,19,0,0,0,0,305
602021054,478,54,23,8,0,0,3,558
602021055,575,58,30,0,0,0,0,663
602021056,401,44,21,0,3,0,0,472
602021057,383,38,23,3,0,0,3,453
602031058,453,36,16,0,0,0,9,508
602031059,487,48,53,8,0,0,3,600
602031060,344,43,26,0,0,0,5,416
602031061,286,19,16,3,0,0,6,329
602031062,532,58,38,4,0,0,8,628
602031064,431,40,24,3,0,0,3,504
602031099,61,0,5,0,0,0,0,66
602031100,495,47,44,4,0,0,6,589
603011065,163,12,13,0,0,0,0,195
603011066,309,38,25,5,0,0,3,379
603011067,582,66,67,9,8,0,5,742
603011068,0,0,0,0,0,0,0,0
603021069,272,18,8,0,0,0,0,301
603021070,365,40,21,6,0,0,3,435
603021071,301,27,26,4,0,0,6,362
603021072,873,89,74,6,0,5,7,1054
603031073,140,17,16,0,0,0,0,172
603031074,275,30,11,0,0,0,7,327
604011075,231,25,20,0,0,0,3,289
604011076,525,61,30,4,0,0,7,620
604011077,245,34,32,0,0,0,0,314
604011078,566,69,42,4,0,0,3,687
604011079,450,61,37,0,0,0,4,560
604011080,288,49,22,7,3,0,0,371
604011081,289,31,22,0,0,0,6,351
604011082,541,72,31,4,3,0,7,649
604011083,306,41,29,7,0,0,5,394
604011084,465,42,37,3,0,0,3,554
604021085,993,153,88,7,0,0,7,1252
604021086,274,57,35,6,0,0,4,377
604021087,418,52,54,5,0,4,5,538
604021088,354,44,25,0,0,0,4,435
604021089,520,53,23,3,0,0,3,591
604021090,279,47,16,0,0,0,5,352
604021091,546,60,43,0,3,4,5,657
604021092,344,31,10,0,3,0,0,393
604031093,119,9,6,0,0,0,0,137
604031094,353,32,35,3,0,0,3,428
604031095,284,36,28,0,0,0,0,358
604031096,350,28,20,3,0,0,0,409
604031097,247,37,24,4,0,0,3,318
604031098,0,0,0,0,0,0,0,0
697979799,0,0,0,0,0,0,0,0
699999499,0,0,0,0,0,0,0,0
701011001,0,0,0,0,0,0,0,0
701011002,329,56,6,0,0,0,4,399
701011003,0,0,0,0,0,0,0,0
701011004,261,52,13,0,0,0,0,327
701011005,299,51,8,5,0,0,0,359
701011006,205,47,8,4,0,0,6,274
701011007,255,34,3,0,0,0,0,293
701011008,311,56,3,5,0,0,0,385
701011009,262,42,8,0,0,0,0,311
701021010,189,32,4,0,0,0,0,233
701021011,237,37,11,4,0,0,0,294
701021012,141,16,7,5,0,0,4,173
701021013,321,37,8,8,0,0,0,372
701021014,0,0,0,0,0,0,0,0
701021015,0,0,0,0,0,0,0,0
701021016,215,36,3,5,0,0,0,266
701021017,0,0,0,0,0,0,0,0
701021018,175,24,9,4,0,0,0,216
701021019,432,64,29,11,0,0,8,554
701021020,490,67,15,13,0,0,4,588
701021021,819,140,24,23,7,0,11,1018
701021022,336,67,22,14,0,0,0,432
701021023,214,33,14,3,0,0,4,264
701021024,183,33,11,3,0,0,4,241
701021025,342,40,10,3,0,0,0,396
701021026,296,41,13,0,0,0,4,349
701021027,189,28,7,10,0,0,0,232
701021028,212,27,9,9,0,0,0,251
701021029,180,25,10,6,0,0,5,228
701021030,242,37,13,10,0,0,0,307
701031031,334,54,21,5,0,0,0,416
701031032,848,173,48,8,0,5,9,1089
701031033,0,0,0,0,0,0,0,0
701031034,292,43,25,4,0,0,0,364
701031035,333,76,27,10,0,0,4,451
701041036,267,67,20,6,0,0,0,367
701041037,220,43,18,3,0,0,0,299
701041038,504,89,23,10,0,0,0,626
701041039,191,48,15,10,5,0,0,263
701041040,192,38,24,10,0,0,0,274
701041041,454,97,25,9,0,3,4,585
701041042,728,138,69,23,0,3,4,956
701041043,657,136,63,12,0,3,0,869
701041044,256,58,33,5,0,0,7,356
702011045,312,53,24,15,0,3,11,408
702011046,439,67,20,4,4,0,10,540
702011047,359,65,25,17,4,0,4,473
702011048,443,63,37,19,4,4,9,577
702011049,362,55,15,8,0,0,0,440
702011050,96,16,3,9,3,0,0,133
702011051,193,32,12,0,3,0,3,240
702011052,242,13,11,33,6,3,14,325
702011053,186,16,6,39,12,9,18,272
702011054,109,14,11,21,0,3,9,169
702021055,162,9,11,15,0,5,17,225
702021056,178,27,14,12,8,4,3,251
702031057,202,30,8,10,4,0,5,258
702031058,140,15,8,27,0,8,0,192
702031059,173,14,9,19,8,0,3,230
702031060,182,12,4,12,0,0,8,217
702031061,462,23,30,74,12,12,18,623
702041062,243,23,11,16,0,0,5,304
702041063,518,30,27,84,10,15,7,689
702041064,320,47,22,0,0,0,4,394
702051065,154,12,14,17,5,0,9,211
702051066,265,18,13,50,12,13,12,378
702051067,656,125,51,30,8,6,21,903
702051068,186,15,13,23,3,4,4,255
797979799,0,0,0,0,0,0,0,0
799999499,0,0,0,0,0,0,0,0
801011001,325,18,5,0,0,0,0,357
801011002,400,24,7,0,0,0,4,431
801011003,469,42,9,4,0,0,0,525
801011004,294,23,25,4,0,0,0,347
801011005,306,20,3,3,0,0,0,331
801011006,949,85,46,10,0,0,5,1093
801011007,655,53,22,5,0,0,3,739
801011008,519,40,13,0,0,0,5,569
801011009,458,34,21,0,0,0,0,520
801011010,256,14,10,6,0,0,5,299
801011011,406,18,12,0,0,0,0,442
801011012,0,0,0,0,0,0,0,0
801011013,328,30,4,4,0,0,3,363
801011014,366,33,15,3,0,0,5,425
801011015,534,65,26,4,0,0,3,636
801011016,881,48,27,8,0,0,8,965
801011017,404,33,24,0,0,0,3,467
801011018,203,6,0,0,0,0,0,213
801011019,875,64,36,8,0,0,4,985
801011020,285,14,0,0,0,0,0,300
801011021,315,21,6,3,0,0,0,353
801011022,400,28,15,9,0,0,0,445
801011023,252,25,5,0,0,0,0,288
801011024,333,23,16,5,0,0,0,375
801011025,293,29,13,0,0,0,4,330
801011026,368,21,5,0,0,0,0,399
801011111,3,0,0,0,0,0,0,3
801011142,0,0,0,0,0,0,0,0
801011143,90,3,9,5,0,0,0,106
801011144,0,0,0,0,0,0,0,0
801031031,0,0,0,0,0,0,0,0
801031032,5,0,0,0,0,0,0,5
801031113,43,5,3,0,0,0,0,48
801031114,10,0,0,0,0,0,0,12
801031115,22,0,0,0,0,0,0,21
801041034,880,60,29,8,0,3,4,979
801041035,1066,71,47,13,0,0,6,1197
801041036,932,65,33,3,0,0,8,1045
801041037,701,31,21,5,0,0,4,760
801041038,699,52,19,3,0,0,0,776
801041039,910,54,19,5,0,0,4,1002
801041040,851,67,26,13,0,0,0,961
801041043,35,5,0,0,0,0,0,43
801041044,1072,49,36,8,0,0,0,1161
801041045,0,0,0,0,0,0,0,0
801041046,1294,96,55,10,6,0,0,1462
801041047,929,56,27,6,0,0,0,1021
801041048,642,35,30,13,0,0,4,717
801041116,0,0,0,0,0,0,0,0
801041117,0,0,0,0,0,0,0,0
801041118,101,3,3,0,0,0,0,110
801041119,0,0,0,0,0,0,0,0
801041120,820,45,23,3,0,0,3,903
801041121,337,17,4,4,0,0,5,366
801041122,402,19,6,4,0,0,0,430
801051049,0,0,0,0,0,0,0,0
801051050,565,26,8,5,0,0,5,604
801051051,216,7,3,3,0,0,0,233
801051053,92,9,0,0,0,0,0,102
801051054,229,15,4,0,0,0,0,254
801051055,430,26,13,3,0,0,0,474
801051056,414,21,10,0,0,0,0,444
801051057,387,24,7,3,0,0,0,429
801051058,580,33,14,5,0,0,0,625
801051060,240,7,8,0,0,0,0,249
801051061,721,39,23,3,0,0,6,788
801051123,0,0,0,0,0,0,0,0
801051124,424,25,7,0,0,0,0,465
801051125,61,5,4,0,0,0,0,63
801051126,0,0,0,0,0,0,0,0
801051127,90,10,3,0,0,0,0,104
801051128,0,0,0,0,0,0,0,0
801061062,359,19,8,0,0,0,0,387
801061063,172,13,3,0,0,0,0,189
801061064,479,27,3,3,0,0,0,514
801061066,0,0,0,0,0,0,0,0
801061067,687,33,13,0,0,0,0,733
801061068,0,0,0,0,0,0,0,0
801061069,399,30,11,0,0,0,0,443
801061070,349,8,5,0,0,0,0,366
801061129,90,3,0,0,0,0,0,103
801061130,0,0,0,0,0,0,0,5
801061131,313,42,3,0,0,0,0,353
801071071,619,52,53,4,3,0,0,730
801071072,420,30,22,0,0,0,6,479
801071073,677,59,38,7,0,0,0,786
801071074,601,54,32,5,5,0,0,697
801071075,618,50,43,15,0,0,5,727
801071076,415,21,16,3,0,0,4,454
801071077,316,28,19,4,0,0,0,374
801071078,907,94,32,12,0,0,0,1050
801071079,383,31,15,5,0,0,0,437
801071080,234,33,6,0,0,0,5,274
801071081,503,40,26,6,3,0,0,581
801071082,1599,162,85,16,4,0,9,1878
801071083,202,15,4,0,0,0,0,222
801071084,590,54,25,7,0,0,6,690
801071085,0,0,0,0,0,0,0,0
801071086,185,19,10,5,0,0,3,220
801071087,316,24,21,6,0,0,6,371
801071088,469,39,18,3,0,0,6,536
801071089,6,0,0,0,0,0,0,6
801071090,864,71,53,4,0,0,9,998
801071132,0,0,0,0,0,0,0,0
801081091,374,19,4,0,0,0,0,401
801081092,415,33,5,5,0,0,0,462
801081093,370,31,21,5,0,0,0,422
801081094,311,19,12,0,0,0,3,343
801081095,365,22,10,0,0,0,0,410
801081096,228,19,12,5,0,0,0,263
801081097,320,16,9,0,0,0,0,355
801081098,446,30,11,0,0,0,0,486
801081133,0,0,0,0,0,0,0,0
801091099,271,25,3,0,0,0,0,302
801091100,681,37,13,9,3,0,0,741
801091101,454,30,12,4,0,0,0,505
801091102,459,22,6,5,0,0,0,495
801091103,394,19,6,0,0,0,0,417
801091104,260,17,8,0,0,0,0,292
801091105,326,11,3,6,0,0,0,349
801091106,338,19,10,8,0,0,4,377
801091107,123,5,4,0,0,0,0,130
801091108,314,16,11,4,0,0,0,340
801091109,358,21,6,0,0,0,0,387
801091110,310,12,8,0,0,0,0,339
801101134,0,0,0,0,0,0,0,0
801101135,619,42,11,6,0,0,0,680
801101136,395,21,12,4,0,0,0,431
801101137,0,0,0,0,0,0,0,0
801101139,441,23,3,7,0,0,0,481
801101145,0,0,0,0,0,0,0,0
801101146,0,0,0,0,0,0,0,0
801111140,66,4,3,0,0,0,0,73
801111141,6,0,0,0,0,0,0,4
897979799,0,0,0,0,0,0,0,0
899999499,0,0,0,0,0,0,0,0
901011001,133,11,4,0,0,0,0,149
901021002,70,3,0,0,0,0,0,77
901031003,13,3,0,0,0,0,0,18
901041004,143,19,10,3,0,0,0,171
997979799,0,0,0,0,0,0,0,0
999999499,0,0,0,0,0,0,0,0
