rank,merchant_abn,name,tags,tag,numd_sa2_code,returning_customers,unique_customers,median_weekly_income,commission_avg_tot_dollar_value_monthly,avg_num_order_id_monthly,avg_discounted_value,stddev_tot_dollar_value_monthly,rate_fraud_order,stddev_tot_discounted_value_daily,minmax_numd_sa2_code,minmax_returning_customers,minmax_unique_customers,minmax_median_weekly_income,minmax_commission_avg_tot_dollar_value_monthly,minmax_avg_num_order_id_monthly,minmax_avg_discounted_value,minmax_stddev_tot_dollar_value_monthly,minmax_rate_fraud_order,minmax_stddev_tot_discounted_value_daily,average_rank,segment
1,49891706470,Non Vestibulum Industries,"((teNt and awning shops), (a), (take rate: 5.80))",tent and awning shops,2222.0,24037.0,24078.0,815.703894172373,19807.260485689607,11786.952380952382,27.15578871288796,98783.1714347007,0.06257481332945047,2441.7814254117884,0.0,0.0012880172843610094,0.0001245847176080117,0.9493334174435077,0.3330000301024195,0.13901005252356602,0.9898716571021133,0.7364540105678817,0.012217175308469023,0.5312709580986078,0.36925699031485343,leisure goods and services
2,63290521567,Vehicula Pellentesque Corporation,"((artist supply and craft shops), (a), (take rate: 6.48))",artist supply and craft shops,2222.0,23346.0,24058.0,815.6636968011688,13544.646460804237,8015.666666666667,24.434462836476023,60938.597597441,0.06253735329923306,1570.2893988863573,0.0,0.029998338042213746,0.00095514950166109,0.9493441647869096,0.5438905451787792,0.41448746043340634,0.9913837047674557,0.4543129558123575,0.011242341252286904,0.3416559503468874,0.37372706101219577,leisure goods and services
3,45629217853,Lacus Consulting,"[[gift, Card, novelty, and souvenir shops], [a], [take rate: 6.98]]","gift, card, novelty, and souvenir shops",2222.0,23944.0,24080.0,815.6794424831191,27867.74292257064,10317.761904761905,36.24194579013672,117865.11433567006,0.06275373946602089,3012.1618898350807,0.0,0.0051520691374439265,4.152823920267057e-05,0.9493399549531333,0.061567160996470416,0.24632856795018954,0.9848231244310821,0.87871481445527,0.016873425996404873,0.655371572781508,0.37982122189407047,leisure goods and services
3,45629217853,Lacus Consulting,"[[gift, Card, novelty, and souvenir shops], [a], [take rate: 6.98]]","gift, card, novelty, and souvenir shops",2222.0,23944.0,24080.0,815.6794424831191,27867.74292257064,10317.761904761905,36.24194579013672,117865.11433567006,0.06275373946602089,3012.1618898350807,0.0,0.0051520691374439265,4.152823920267057e-05,0.9493399549531333,0.061567160996470416,0.24632856795018954,0.9848231244310821,0.87871481445527,0.016873425996404873,0.655371572781508,0.37982122189407047,gifts souvenirs
4,89726005175,Est Nunc Consulting,"((tent and awning shops), (a), (take rate: 6.01))",tent and awning shops,2222.0,23930.0,24079.0,815.6881623284935,25495.90171498874,10280.42857142857,38.662409784926076,123064.85407089692,0.0628143239579767,3062.9534438964592,0.0,0.005733754362639232,8.305647840534114e-05,0.9493376235774775,0.1414377728461983,0.2490556193258896,0.9834782443621093,0.9174802147385395,0.018450035136660197,0.6664225527376502,0.3931478873565569,leisure goods and services
5,64203420245,Pede Nonummy Corp.,"((tent and awning shops), (c), (take rate: 2.86))",tent and awning shops,2222.0,24055.0,24081.0,815.6864322492218,10281.625408766271,12418.095238095239,27.13334935408027,104134.79557100359,0.06258924731693297,2559.5601617825077,0.0,0.0005401362805385057,0.0,0.9493380861389707,0.6537712096480999,0.0929075793940658,0.9898841250613502,0.7763517482188483,0.012592795469018148,0.5568966842443307,0.4032282364455222,leisure goods and services
6,24852446429,Erat Vitae LLP,"[(florists supplies, nursery stock, and floWers), (c), (take rate: 2.94)]","florists supplies, nursery stock, and flowers",2222.0,24068.0,24080.0,815.6885761002287,12174.76412227791,13690.0,28.34667127186417,119433.83884945851,0.06260864173002609,2941.8784706062265,0.0,0.0,4.152823920267057e-05,0.949337512949673,0.5900206740383672,0.0,0.9892099681773856,0.8904100601421261,0.013097502333190656,0.6400796473521619,0.40721968932321073,home furnishings
6,24852446429,Erat Vitae LLP,"[(florists supplies, nursery stock, and floWers), (c), (take rate: 2.94)]","florists supplies, nursery stock, and flowers",2222.0,24068.0,24080.0,815.6885761002287,12174.76412227791,13690.0,28.34667127186417,119433.83884945851,0.06260864173002609,2941.8784706062265,0.0,0.0,4.152823920267057e-05,0.949337512949673,0.5900206740383672,0.0,0.9892099681773856,0.8904100601421261,0.013097502333190656,0.6400796473521619,0.40721968932321073,gifts souvenirs
7,43186523025,Lorem Ipsum Sodales Industries,"([florists supplies, nurSery stock, and flowers], [b], [take rate: 4.47])","florists supplies, nursery stock, and flowers",2222.0,23814.0,24076.0,815.7052122146213,19246.311511320746,9564.095238095239,42.17606019687584,125497.79234946598,0.06286893646656694,3173.020309486183,0.0,0.01055343194282865,0.00020764119601324182,0.9493330650460192,0.3518897170073011,0.3013809175971338,0.981525958181219,0.935618396846822,0.01987123349016685,0.6903703674471104,0.4240750728754614,home furnishings
7,43186523025,Lorem Ipsum Sodales Industries,"([florists supplies, nurSery stock, and flowers], [b], [take rate: 4.47])","florists supplies, nursery stock, and flowers",2222.0,23814.0,24076.0,815.7052122146213,19246.311511320746,9564.095238095239,42.17606019687584,125497.79234946598,0.06286893646656694,3173.020309486183,0.0,0.01055343194282865,0.00020764119601324182,0.9493330650460192,0.3518897170073011,0.3013809175971338,0.981525958181219,0.935618396846822,0.01987123349016685,0.6903703674471104,0.4240750728754614,gifts souvenirs
8,68216911708,Placerat Eget Venenatis Limited,"[[computers, computer peripheral equipment, and software], [c], [take rate: 3.05]]","computers, computer peripheral equipment, and software",2222.0,23576.0,24064.0,815.6804708071522,10112.309732603106,8483.809523809523,36.60876064908088,95475.16551941588,0.06277699894487963,2375.730602629534,0.0,0.020442080771148397,0.0007059800664451776,0.9493396800159625,0.6594728336049117,0.3802914883995966,0.9846193114456963,0.7117919736246339,0.017478714673134468,0.5168999404728956,0.42410420030744245,tech and telecom
9,91923722701,Euismod Urna Institute,"((tent and awning shops), (b), (take rate: 5.05))",tent and awning shops,2222.0,12869.0,22730.0,813.4067656148231,2583.0719860640297,3253.809523809524,14.73684096017704,14882.603265082573,0.06233051121534685,403.4327912034499,0.0,0.46530663121156723,0.05610465116279073,0.94994758769163,0.913016293283326,0.7623221677275731,0.9967719850335314,0.11095364426020587,0.005859625155858988,0.08777694976318647,0.434805953528967,leisure goods and services
10,64403598239,Lobortis Ultrices Company,"((music shops - musical instruments, pianos, and sheet music), (a), (take rate: 6.31))","music shops - musical instruments, pianos, and sheet music",2222.0,20521.0,23875.0,815.8917058514319,26662.55791011827,5406.714285714285,73.15684926398143,121148.14382249556,0.0635061039672508,3066.0829208595196,0.0,0.1473741066976899,0.008554817275747473,0.949283203298919,0.10215118661715217,0.6050610456015861,0.9643121323085356,0.9031906456851219,0.036452442195927935,0.6671034491549993,0.43834830288356796,leisure goods and services
11,72472909171,Nullam Consulting,"([digiTal goods: books, movies, music], [a], [take rate: 6.33])","digital goods: books, movies, music",2222.0,19097.0,23744.0,815.5433494805519,21518.71779865447,4840.190476190476,65.74052634207584,98358.95574544217,0.06333036781817768,2570.368815684669,0.0,0.2065398038889812,0.013995016611295652,0.949376341368199,0.2753675282704119,0.6464433545514627,0.9684328566424688,0.733291373236413,0.03187920554810652,0.5592483787304122,0.4384573858847751,leisure goods and services
12,57900494384,Porttitor Tellus Corporation,"[[tent and awning shops], [a], [take rate: 6.39]]",tent and awning shops,2222.0,12132.0,22468.0,817.2186616681535,4220.197439146547,3081.0,20.092890605182145,18897.49107473725,0.06240718767765012,504.3813263033071,0.0,0.4959282034236331,0.06698504983388709,0.9489284226400287,0.8578868810804863,0.774945215485756,0.9937960083482745,0.1408856679688679,0.007855000662151092,0.10974084235529577,0.43969512917983805,leisure goods and services
13,80324045558,Ipsum Dolor Sit Corporation,"[(gift, card, novelty, and souvenir shops), (c), (take rate: 1.47)]","gift, card, novelty, and souvenir shops",2222.0,23652.0,24070.0,815.7211213818103,5047.475934103729,8899.666666666666,36.13405114625313,98397.10025394424,0.06278284486108378,2480.247059711175,0.0,0.017284360977231183,0.00045681063122926524,0.9493288115021208,0.8300286756697977,0.34991477964450945,0.9848830738277352,0.7335757503814215,0.017630844774800477,0.5396401242227458,0.4422743231631592,leisure goods and services
13,80324045558,Ipsum Dolor Sit Corporation,"[(gift, card, novelty, and souvenir shops), (c), (take rate: 1.47)]","gift, card, novelty, and souvenir shops",2222.0,23652.0,24070.0,815.7211213818103,5047.475934103729,8899.666666666666,36.13405114625313,98397.10025394424,0.06278284486108378,2480.247059711175,0.0,0.017284360977231183,0.00045681063122926524,0.9493288115021208,0.8300286756697977,0.34991477964450945,0.9848830738277352,0.7335757503814215,0.017630844774800477,0.5396401242227458,0.4422743231631592,gifts souvenirs
14,96152467973,Rhoncus Donec Associates,"[[tent and awning shops], [b], [take rate: 4.45]]",tent and awning shops,2222.0,12351.0,22513.0,817.6523508527652,2967.96279540346,3130.714285714286,19.968192427409697,19430.399891963145,0.06246428529070319,549.0394596103406,0.0,0.48682898454379264,0.06511627906976747,0.9488124696197916,0.9000552804048043,0.7713137848272984,0.9938652942762142,0.1448586405917648,0.009340869664599669,0.11945734237532599,0.4439648945373359,leisure goods and services
15,82065156333,Nascetur Ridiculus PC,"([tent and awning shops], [a], [take rate: 5.88])",tent and awning shops,2222.0,11599.0,22165.0,817.510056880826,3736.947315329041,2964.3333333333335,20.09581545255511,18221.59108835666,0.062400609298519975,497.009786391383,0.0,0.5180737909257105,0.07956810631229239,0.9488505139529069,0.8741600965648868,0.7834672510348186,0.9937943832181568,0.1358466593150325,0.007683809449188299,0.10813697845866972,0.4449581589231663,leisure goods and services
16,21439773999,Mauris Non Institute,"([cable, satellite, and other pay television and radio services], [a], [take rate: 6.10])","cable, satellite, and other pay television and radio services",2222.0,21085.0,23914.0,815.866001606687,27381.747637317032,5737.952380952381,73.20470000339351,130356.13815104312,0.06349866664599854,3445.5261255296095,0.0,0.1239405019112515,0.006935215946843876,0.9492900756972098,0.07793281847185529,0.580865421405962,0.9642855450484651,0.9718386173391583,0.03625889846407853,0.7496608610474617,0.4461007955332286,tech and telecom
17,17324645993,Eget Metus In Corporation,"([tent and awning shops], [a], [take rate: 5.73])",tent and awning shops,2211.0,10085.0,21810.0,817.3618098533835,2399.2312566098326,2694.0,14.57107046497025,11876.776672570128,0.0623119901708549,337.1079244402093,0.004952723998199016,0.5809788931361144,0.09431063122923589,0.9488901499207454,0.9192070414234078,0.8032140248356465,0.9968640919334925,0.08854443207378923,0.005377646235339439,0.07334630697740684,0.45156859417633777,leisure goods and services
18,19933438190,Dui Nec Corporation,"[[tent and awning shops], [c], [take rate: 2.22]]",tent and awning shops,2222.0,10702.0,22039.0,818.471125276127,975.2436591135139,2810.095238095238,14.654890926947687,12837.489009675948,0.06233879222761754,356.67805393492165,0.0,0.5553431942828653,0.08480066445182721,0.9485935585409582,0.9671591388550937,0.794733729868865,0.9968175188512536,0.09570679023042446,0.006075124522364517,0.07760428082329121,0.45268340004269436,leisure goods and services
19,20985347699,Semper Tellus PC,"[(tent and awning Shops), (a), (take rate: 6.10)]",tent and awning shops,2221.0,9544.0,21549.0,814.315603224475,2475.3171688328766,2589.0476190476193,14.693047875852216,11347.971398567073,0.06233215581516446,320.3908343070375,0.0004502476361999408,0.6034568721954463,0.10514950166112957,0.9497045969289284,0.9166448849253365,0.810880378447946,0.9967963177426293,0.08460205242356275,0.005902423090128919,0.06970908359645937,0.4543296358647767,leisure goods and services
20,47086412084,Eros Limited,"[[digital goods: books, movies, music], [c], [take rate: 2.52]]","digital goods: books, movies, music",2221.0,8254.0,21086.0,814.4694382249432,728.9869216545015,2381.904761904762,11.387008616696207,8302.306642890917,0.06228805376253695,235.18338310654275,0.0004502476361999408,0.6570550108027255,0.12437707641196016,0.9496634669364006,0.9754517160436913,0.8260113395248531,0.9986332491394411,0.061895836459989924,0.004754741612049384,0.05117005968329604,0.4649462744250607,leisure goods and services
21,94493496784,Dictum Phasellus In Institute,"[(gift, card, novelty, and souvenir shops), (a), (take rate: 5.65)]","gift, card, novelty, and souvenir shops",2222.0,18868.0,23660.0,816.382063217311,24525.35774186756,4722.142857142857,85.99580772449356,125608.5516376377,0.06379084830895605,3374.009051160883,0.0,0.21605451221538974,0.01748338870431898,0.9491520992281082,0.1741203743257823,0.6550662631743713,0.9571784342336687,0.9364441358952553,0.04386243305787851,0.7341005229169202,0.4683462163751693,leisure goods and services
21,94493496784,Dictum Phasellus In Institute,"[(gift, card, novelty, and souvenir shops), (a), (take rate: 5.65)]","gift, card, novelty, and souvenir shops",2222.0,18868.0,23660.0,816.382063217311,24525.35774186756,4722.142857142857,85.99580772449356,125608.5516376377,0.06379084830895605,3374.009051160883,0.0,0.21605451221538974,0.01748338870431898,0.9491520992281082,0.1741203743257823,0.6550662631743713,0.9571784342336687,0.9364441358952553,0.04386243305787851,0.7341005229169202,0.4683462163751693,gifts souvenirs
22,32361057556,Orci In Consequat Corporation,"([gift, card, novelty, and souvenir shops], [a], [take rate: 6.61])","gift, card, novelty, and souvenir shops",2222.0,16653.0,23396.0,816.5657560907017,29696.044047394877,4084.5714285714284,102.86378644460764,129674.23355103652,0.06408923721051636,3371.339920984674,0.0,0.3080854246302144,0.02844684385382057,0.9491029863052559,0.0,0.701638317854534,0.947806095527794,0.9667548427426774,0.051627500558879484,0.7335197865204325,0.46869817979936085,leisure goods and services
22,32361057556,Orci In Consequat Corporation,"([gift, card, novelty, and souvenir shops], [a], [take rate: 6.61])","gift, card, novelty, and souvenir shops",2222.0,16653.0,23396.0,816.5657560907017,29696.044047394877,4084.5714285714284,102.86378644460764,129674.23355103652,0.06408923721051636,3371.339920984674,0.0,0.3080854246302144,0.02844684385382057,0.9491029863052559,0.0,0.701638317854534,0.947806095527794,0.9667548427426774,0.051627500558879484,0.7335197865204325,0.46869817979936085,gifts souvenirs
23,62694031334,Vel Est Tempor LLP,"[[computers, computer peripheral equipment, and software], [a], [take rate: 5.76]]","computers, computer peripheral equipment, and software",2217.0,6887.0,20398.0,819.5180632679317,3432.8323155264106,2142.6666666666665,26.060179002325555,16886.451527126454,0.0625917377236929,483.97887575883783,0.002251238180999593,0.713852418148579,0.15294850498338874,0.9483136446614837,0.8844010229090578,0.8434867299732165,0.9904804096662004,0.12589284967058506,0.012657604101292184,0.10530177613277682,0.477958619842758,tech and telecom
24,60956456424,Ultricies Dignissim LLP,"([gift, card, Novelty, and souvenir shops], [b], [take rate: 4.69])","gift, card, novelty, and souvenir shops",2219.0,17480.0,23499.0,816.1485468516074,17926.901282484334,4319.285714285715,82.83877057800326,111392.82495833094,0.0636681741502027,2852.6693151838203,0.0013507429085997114,0.2737244473990361,0.024169435215946833,0.9492145331758267,0.39632022184931415,0.6844933736825629,0.9589325757306966,0.8304622285110319,0.04067004514275453,0.6206699520456147,0.47800075556613847,leisure goods and services
24,60956456424,Ultricies Dignissim LLP,"([gift, card, Novelty, and souvenir shops], [b], [take rate: 4.69])","gift, card, novelty, and souvenir shops",2219.0,17480.0,23499.0,816.1485468516074,17926.901282484334,4319.285714285715,82.83877057800326,111392.82495833094,0.0636681741502027,2852.6693151838203,0.0013507429085997114,0.2737244473990361,0.024169435215946833,0.9492145331758267,0.39632022184931415,0.6844933736825629,0.9589325757306966,0.8304622285110319,0.04067004514275453,0.6206699520456147,0.47800075556613847,gifts souvenirs
25,79417999332,Phasellus At Company,"([gift, card, novelty, and souvenIr shops], [b], [take rate: 4.95])","gift, card, novelty, and souvenir shops",2222.0,18813.0,23731.0,816.1930861801847,21512.20159890512,4724.523809523809,86.05539764595078,127234.97955592806,0.06378300757171773,3313.507069216901,0.0,0.21833970417151405,0.014534883720930258,0.9492026249478812,0.2755869581627891,0.6548923440815333,0.9571453243432295,0.9485695753393238,0.043658391105933225,0.720936795164825,0.478286660103796,leisure goods and services
25,79417999332,Phasellus At Company,"([gift, card, novelty, and souvenIr shops], [b], [take rate: 4.95])","gift, card, novelty, and souvenir shops",2222.0,18813.0,23731.0,816.1930861801847,21512.20159890512,4724.523809523809,86.05539764595078,127234.97955592806,0.06378300757171773,3313.507069216901,0.0,0.21833970417151405,0.014534883720930258,0.9492026249478812,0.2755869581627891,0.6548923440815333,0.9571453243432295,0.9485695753393238,0.043658391105933225,0.720936795164825,0.478286660103796,gifts souvenirs
26,75944642726,Et PC,"[(tent and awning shops), (a), (take rate: 6.03)]",tent and awning shops,2222.0,6809.0,20304.0,810.423553145037,3720.562027296959,2122.5238095238096,27.24526261747368,17674.7229456597,0.06260463875833111,498.03460098548334,0.0,0.7170932358318098,0.15685215946843856,0.95074519230838,0.8747118632583201,0.844958085498626,0.9898219428030246,0.13176961632186224,0.012993331751598789,0.10835995264694676,0.4787305379889007,leisure goods and services
27,81219314324,Faucibus Leo Ltd,"([gift, card, novelty, and souvenir shops], [a], [take rate: 6.35])","gift, card, novelty, and souvenir shops",2222.0,8382.0,21127.0,818.3127655712079,13512.86583447312,2403.4761904761904,82.87652662913689,62338.47538027071,0.06371951783687713,1693.6550515427493,0.0,0.6517367458866545,0.12267441860465111,0.9486358982780805,0.5449607424845346,0.8244356325437406,0.9589115973725132,0.46474940558914263,0.04200617792347239,0.3684972506373786,0.49266078693201687,leisure goods and services
27,81219314324,Faucibus Leo Ltd,"([gift, card, novelty, and souvenir shops], [a], [take rate: 6.35])","gift, card, novelty, and souvenir shops",2222.0,8382.0,21127.0,818.3127655712079,13512.86583447312,2403.4761904761904,82.87652662913689,62338.47538027071,0.06371951783687713,1693.6550515427493,0.0,0.6517367458866545,0.12267441860465111,0.9486358982780805,0.5449607424845346,0.8244356325437406,0.9589115973725132,0.46474940558914263,0.04200617792347239,0.3684972506373786,0.49266078693201687,gifts souvenirs
28,46298404088,Feugiat Sed Nec Institute,"[[books, periodicals, and newspapers], [a], [take rate: 6.16]]","books, periodicals, and newspapers",2222.0,6076.0,19803.0,815.8508012243816,7912.832195439276,1987.142857142857,60.525667060600234,37382.89007135026,0.06327451805130282,1051.3986989864197,0.0,0.7475486122652484,0.17765780730897007,0.9492941397373096,0.7335391817573278,0.8548471251173954,0.9713303838625609,0.2786990832528899,0.03042580963615856,0.22875822886560984,0.49721003718034706,leisure goods and services
29,49505931725,Suspendisse Ac Associates,"([digital goods: books, movies, music], [b], [take rate: 4.70])","digital goods: books, movies, music",2222.0,12986.0,22686.0,813.2004493110069,16070.903550925152,3249.5238095238096,98.41910332259486,97001.06835218631,0.06401801332827942,2575.674873578351,0.0,0.4604454046867209,0.05793189368770768,0.9500027493129028,0.4588200527559835,0.7626352220946815,0.9502756905131206,0.7231679726395421,0.04977401924519382,0.5604028450686217,0.4973455850004475,leisure goods and services
30,75034515922,Ac Eleifend Corp.,"[[digital goods: books, movies, music], [a], [take rate: 6.22]]","digital goods: books, movies, music",2218.0,4848.0,18821.0,817.9617777450568,4057.881670664846,1756.904761904762,34.77901165616245,19484.678238190438,0.06271047636034328,595.3610772407436,0.0018009905447996521,0.7985707163038058,0.21843853820598003,0.9487297399046479,0.8633527865129622,0.8716651013948311,0.9856359731093676,0.1452632996565176,0.015747576696605564,0.12953577524530793,0.49787404975748256,leisure goods and services
31,54550134954,Tempor Diam Dictum Company,"[(tent and awning  shops), (b), (take rate: 3.94)]",tent and awning  shops,2216.0,4575.0,18629.0,811.8582070048774,2306.0861339851053,1711.7142857142858,32.04155103098333,17291.610576759478,0.06268777362499384,509.07602705915247,0.0027014858171994227,0.8099135781951139,0.22641196013289033,0.9503616170338609,0.9223436586265634,0.8749660857768966,0.9871569857095661,0.12891341484060853,0.015156776329956573,0.11076229257298821,0.5028687855035644,leisure goods and services
32,98973094975,Ornare Fusce Inc.,"[(hobby, toy and game shops), (a), (take rate: 5.98)]","hobby, toy and game shops",2222.0,9590.0,21560.0,818.1214609929306,19422.059257567198,2600.5238095238096,116.75511271163616,94291.11427456819,0.06436918107912025,2586.766192484048,0.0,0.6015456207412332,0.10469269102990031,0.9486870462993444,0.3459714961841517,0.8100420884204668,0.9400876713461725,0.7029645663312529,0.05891256721127031,0.5628160404350389,0.5075719787998831,leisure goods and services
33,63465140133,Vitae Odio Limited,"[(digital goods: Books, movies, music), (b), (take rate: 3.68)]","digital goods: books, movies, music",2216.0,4186.0,18265.0,813.188778761303,2239.605095532373,1639.1904761904761,34.77583017063676,17661.731719144944,0.06269059548810225,542.8968060981781,0.0027014858171994227,0.8260761176666113,0.24152823920265776,0.950005869601658,0.9245823756202016,0.8802636613447424,0.9856377408350939,0.131672763378896,0.015230210554221855,0.11812085362055384,0.5075819317641836,leisure goods and services
34,29521780474,At Sem Corp.,"((cable, satellite, and other pay television and radio services), (a), (take rate: 5.93))","cable, satellite, and other pay television and radio services",2220.0,3569.0,17661.0,820.604707894057,3702.549804283084,1517.1904761904761,38.53881782208309,18043.03953341374,0.0628129852510452,568.1761010495409,0.0009004952723997706,0.8517118165198604,0.2666112956810631,0.9480231146441477,0.875318416204737,0.8891752756617621,0.9835469156449173,0.13451551144013593,0.018415197548422763,0.12362099999282912,0.5091839038610275,tech and telecom
35,14492521225,Praesent Eu Associates,"([tent and awning shops], [c], [take rate: 2.50])",tent and awning shops,2221.0,3266.0,17205.0,802.3904921802889,995.3460416853203,1441.8095238095239,25.879628848714898,11153.24204869774,0.0625537250402668,336.7909190045252,0.0004502476361999408,0.8643011467508726,0.2855481727574751,0.9528929463074695,0.966482200790895,0.8946815541410136,0.9905807285734693,0.08315029491665435,0.011668388178198354,0.07327733447242107,0.5123033014524668,leisure goods and services
36,71961434094,Amet Diam Corporation,"([tent and awning shops], [b], [take rate: 3.99])",tent and awning shops,2222.0,2811.0,16742.0,815.6247905210779,1161.541056913911,1360.857142857143,20.05073436048547,8628.022485396283,0.06244011920020977,268.8732752009564,0.0,0.8832059165697191,0.3047757475083056,0.9493545669385953,0.9608856635900697,0.900594803297506,0.9938194315817527,0.06432413203943625,0.008711987950382123,0.0585001429843513,0.5124172392460118,leisure goods and services
37,19618998054,Morbi Accumsan Industries,"([tent and aWning shops], [c], [take rate: 1.52])",tent and awning shops,2211.0,3209.0,17311.0,814.1659245429428,607.6202505267973,1448.857142857143,25.857726750165778,12003.978477307908,0.06252550468246611,373.4839351469375,0.004952723998199016,0.8666694365963105,0.2811461794019934,0.9497446156700098,0.9795386803185961,0.8941667536262131,0.9905928980153081,0.08949275432230638,0.010934001000663045,0.08126082293647127,0.5148498865886071,leisure goods and services
38,73972053940,Quis Tristique Ac Associates,"([tent and awning shops], [b], [take rate: 3.88])",tent and awning shops,2211.0,2788.0,16765.0,818.6385599896835,1811.1489598408548,1357.7142857142858,32.21635294209705,13329.888299907921,0.062675857270157,397.7550895710461,0.004952723998199016,0.8841615422968256,0.3038205980066445,0.9485487924701907,0.9390104299094431,0.9008243765000522,0.9870598606927176,0.09937775388572506,0.014846673309401537,0.08654162298305237,0.5169144374052252,leisure goods and services
39,80682333501,Orci Corp.,"[(florists supplies, nursery stock, and flowers), (b), (take rate: 4.88)]","florists supplies, nursery stock, and flowers",2195.0,2048.0,15515.0,828.6198554144464,973.0547049364446,1176.1904761904761,15.890769786002616,5798.832214283515,0.06238229774203924,193.04503010294124,0.012156686177397513,0.9149077613428619,0.35573089700996674,0.9458801500611883,0.9672328508341566,0.9140839681380222,0.9961308286758219,0.043231789168080424,0.007207282100557767,0.04200180123889193,0.5198564014746945,home furnishings
39,80682333501,Orci Corp.,"[(florists supplies, nursery stock, and flowers), (b), (take rate: 4.88)]","florists supplies, nursery stock, and flowers",2195.0,2048.0,15515.0,828.6198554144464,973.0547049364446,1176.1904761904761,15.890769786002616,5798.832214283515,0.06238229774203924,193.04503010294124,0.012156686177397513,0.9149077613428619,0.35573089700996674,0.9458801500611883,0.9672328508341566,0.9140839681380222,0.9961308286758219,0.043231789168080424,0.007207282100557767,0.04200180123889193,0.5198564014746945,gifts souvenirs
40,98269572896,Eget Laoreet Posuere PC,"[(furniture, home furnishings and equipment shops, and manufacturers, except appliances), (b), (take rate: 3.59)]","furniture, home furnishings and equipment shops, and manufacturers, except appliances",2221.0,6837.0,20327.0,815.1235352476012,6719.697972549856,2127.8571428571427,82.22661842736792,54522.25112196875,0.06370625584130846,1639.4963836567654,0.0004502476361999408,0.7159298653814193,0.15589700996677736,0.9494885847212187,0.7737174028357037,0.844568506730669,0.9592727052382375,0.4064774386243083,0.04166105687423027,0.35671367038826657,0.5204176488397031,home furnishings
41,21025433654,Lorem Foundation,"[(digital goods: books,  movies, music), (a), (take rate: 6.55)]","digital goods: books,  movies, music",2210.0,2316.0,15812.0,803.9501026510575,2980.1039309082353,1233.0,34.56133190027798,13111.433987532952,0.06277032157936821,429.8817125585309,0.0054029716343989564,0.9037726441748379,0.34339700996677736,0.9524759620918243,0.8996464335063623,0.9099342585829072,0.9857569223016457,0.09774912066674865,0.017304947506681805,0.09353157777483126,0.5208971848207016,leisure goods and services
42,17488304283,Posuere Cubilia Curae Corporation,"((cable, satellite, and other pay television and radio services), (a), (take rate: 6.18))","cable, satellite, and other pay television and radio services",2220.0,4028.0,18224.0,812.6503519969941,9764.053940939337,1614.2857142857142,91.54711087395683,45181.32762165279,0.0638811082451366,1348.8815873544972,0.0009004952723997706,0.8326408509223866,0.2432308970099668,0.9501498257151914,0.6712001798840307,0.8820828550558281,0.9540939690325289,0.3368384457239554,0.046211295543758586,0.29348311270511923,0.5210831926865165,tech and telecom
43,69703285964,Suspendisse Incorporated,"((cable, satellite, and other pay television and radio services), (a), (take rate: 5.77))","cable, satellite, and other pay television and radio services",2219.0,2318.0,16060.0,821.2893007510912,2945.9683556001783,1249.4761904761904,38.26888788239287,14886.06811270386,0.0627678551538451,488.9826606893775,0.0013507429085997114,0.9036895462855243,0.3330980066445183,0.9478400789305018,0.9007959325862255,0.9087307384604681,0.9836968965563003,0.11097947559250311,0.017240762945617407,0.10639047538591283,0.5213812656296172,tech and telecom
44,70038202360,Varius Orci Institute,"([tent and awning shops], [a], [take rate: 6.30])",tent and awning shops,2213.0,1704.0,14905.0,823.1862764365679,1089.102146972197,1097.857142857143,14.760884850418131,4972.115189770776,0.06236972476672232,166.3696001523738,0.004052228725799134,0.9292005983048031,0.381063122923588,0.9473328952887323,0.9633250090404638,0.9198059062923928,0.9967586255500458,0.037068400612473885,0.006880091640343652,0.03619789058577511,0.5221684768964417,leisure goods and services
45,56946407125,Quisque Fringilla Limited,"([computers, computer peripheral equiPment, and software], [a], [take rate: 5.80])","computers, computer peripheral equipment, and software",2209.0,2262.0,15748.0,806.5000250689903,2766.6062514064206,1224.857142857143,36.48058981377985,13868.169925650533,0.06275372481727043,427.21853611372336,0.005853219270598786,0.9060162871863054,0.3460548172757475,0.9517942037814472,0.9068358651748052,0.9105290618804133,0.9846905268829806,0.1033907821812905,0.01687304478740027,0.0929521367623418,0.522498994518333,tech and telecom
46,35556933338,Semper Cursus Integer Limited,"[[digital goods: books, movies, muSiC], [a], [take rate: 6.87]]","digital goods: books, movies, music",2212.0,2523.0,16159.0,809.3788805268223,4624.255373500284,1282.6190476190477,49.13584220185121,20064.19830478782,0.06307327962256391,658.7030929806753,0.004502476361999075,0.8951720126308792,0.3289867109634551,0.951024500507752,0.8442804244861715,0.906309784688163,0.9776589012355105,0.14958377116043495,0.025188919206313963,0.1433174237744655,0.5226024925015146,leisure goods and services
47,91873181182,Sem LLC,"[[digital goods: books, movies, music], [a], [take rate: 6.00]]","digital goods: books, movies, music",2215.0,2242.0,15846.0,816.3036614509864,3910.356804474488,1229.5238095238096,49.63188733492665,18755.3148932333,0.06300832962437497,619.084379379471,0.0031517334533993635,0.9068472660794415,0.341985049833887,0.9491730610641876,0.8683206154249515,0.9101881804584507,0.9773832841578675,0.1398257078809796,0.023498705135047315,0.1346973762491238,0.5255070979737336,leisure goods and services
48,98314397036,Lobortis Augue Industries,"([gift, card, novelty, and souvenir shops], [a], [take rate: 6.47])","gift, card, novelty, and souvenir shops",2210.0,1811.0,14973.0,825.1964631198791,2763.970352544193,1114.857142857143,35.890054161604034,12312.24555913104,0.06273317440328441,411.8262005441492,0.0054029716343989564,0.9247548612265248,0.3782392026578073,0.946795443063865,0.9069246278011678,0.9185641239695294,0.9850186456363844,0.09179096489236056,0.016338254951248445,0.08960314705330431,0.5263432242886591,leisure goods and services
48,98314397036,Lobortis Augue Industries,"([gift, card, novelty, and souvenir shops], [a], [take rate: 6.47])","gift, card, novelty, and souvenir shops",2210.0,1811.0,14973.0,825.1964631198791,2763.970352544193,1114.857142857143,35.890054161604034,12312.24555913104,0.06273317440328441,411.8262005441492,0.0054029716343989564,0.9247548612265248,0.3782392026578073,0.946795443063865,0.9069246278011678,0.9185641239695294,0.9850186456363844,0.09179096489236056,0.016338254951248445,0.08960314705330431,0.5263432242886591,gifts souvenirs
49,45466221547,Eu LLC,"[(computers, computer peripheral Equipment, and software), (b), (take rate: 3.49)]","computers, computer peripheral equipment, and software",2197.0,1857.0,15187.0,809.8697164040132,1083.531248759263,1127.095238095238,25.810242531640565,8777.996719118382,0.0625747675439866,301.2352824781195,0.011256190904997743,0.9228436097723118,0.3693521594684386,0.9508932685000828,0.9635126063582763,0.917670179832342,0.9906192816257328,0.06544222861704509,0.01221598381905463,0.06554131154809081,0.5269346820446373,tech and telecom
50,67794222692,Nunc Ut Inc.,"((digital goods: books, movies, music), (c), (take rate: 1.55))","digital goods: books, movies, music",2215.0,2419.0,16043.0,803.3649316944557,710.7545120861398,1257.2380952380952,34.16476222161512,13677.45270597603,0.06271052691704286,441.4084558174689,0.0031517334533993635,0.8994931028751869,0.33380398671096345,0.9526324159352232,0.9760656836664245,0.9081637622178163,0.9859772679287406,0.10196893613936128,0.01574889234937545,0.0960395106598969,0.5273045291936388,leisure goods and services
51,90087872851,Elit Pellentesque PC,"[[digital goods: books, movies, music], [a], [take rate: 6.77]]","digital goods: books, movies, music",2214.0,1662.0,14706.0,830.1993184452599,3885.330369261039,1077.142857142857,49.887191272672,15981.25749212846,0.06301536218299007,515.5277747942349,0.0036019810895993043,0.9309456539803889,0.3893272425249169,0.945457857979038,0.8691633685934714,0.9213190024000835,0.9772414298778025,0.11914439476946798,0.02368171560247913,0.11216603254944811,0.5292048679366697,leisure goods and services
52,83690644458,Id Erat Etiam Consulting,"[(gift, card, novelty, and souvenir shops), (b), (take rate: 3.15)]","gift, card, novelty, and souvenir shops",2217.0,4556.0,18665.0,812.2023942364733,4774.835643214336,1707.2380952380952,83.11241036882107,43839.169804540616,0.06368161223784845,1221.686714693649,0.002251238180999593,0.8107030081435931,0.22491694352159464,0.9502695936437311,0.8392097063301193,0.8752930536714321,0.9587805335183187,0.3268323131725148,0.04101974869106987,0.2658086693006023,0.5295084808173975,leisure goods and services
52,83690644458,Id Erat Etiam Consulting,"[(gift, card, novelty, and souvenir shops), (b), (take rate: 3.15)]","gift, card, novelty, and souvenir shops",2217.0,4556.0,18665.0,812.2023942364733,4774.835643214336,1707.2380952380952,83.11241036882107,43839.169804540616,0.06368161223784845,1221.686714693649,0.002251238180999593,0.8107030081435931,0.22491694352159464,0.9502695936437311,0.8392097063301193,0.8752930536714321,0.9587805335183187,0.3268323131725148,0.04101974869106987,0.2658086693006023,0.5295084808173975,gifts souvenirs
53,37687523474,Nunc In Industries,"((digital goods: books, mOvies, music), (b), (take rate: 3.44))","digital goods: books, movies, music",2211.0,1861.0,15097.0,817.2912399404679,1453.8661379338814,1131.952380952381,34.972590530501435,12160.576373906519,0.06271183321282825,404.4611926456351,0.004952723998199016,0.9226774139936845,0.3730897009966777,0.94890901779855,0.9510417570901528,0.9173153848829525,0.9855284150665985,0.09066023201432173,0.015782886492243284,0.08800070436047094,0.529795823669385,leisure goods and services
54,35424691626,Eu Sem Pellentesque Limited,"((computers, computer peripheral equipment, and software), (b), (take rate: 3.90))","computers, computer peripheral equipment, and software",2218.0,1821.0,14972.0,817.2999478774982,1697.3988677382488,1112.904761904762,36.63304606117713,13145.220696226968,0.06279384476399276,426.7025314603688,0.0018009905447996521,0.9243393717799568,0.37828073089701,0.9489066896067607,0.9428409095491238,0.9187067376256566,0.9846058177656558,0.09800100929069352,0.017917098680847426,0.0928398669728684,0.5308239222713373,tech and telecom
55,94472466107,Eu Dolor Egestas PC,"((cable, satellite, and other pay television and radio services), (a), (take rate: 6.23))","cable, satellite, and other pay television and radio services",2216.0,1781.0,14946.0,817.6942670175633,4115.832704298467,1108.4761904761904,55.79540741577169,19125.125078018555,0.06312942677773865,604.020770640114,0.0027014858171994227,0.926001329566229,0.3793604651162791,0.9488012627322843,0.8614013133288192,0.9190302271383353,0.9739586534551231,0.14258273815018876,0.026650054146793365,0.1314199093292372,0.5311907438780489,tech and telecom
56,10648956813,Proin Nisl Institute,"[(computeRs, computer peripheral equipment, and software), (a), (take rate: 6.66)]","computers, computer peripheral equipment, and software",2208.0,1574.0,14380.0,825.5517500416476,4502.1609423874515,1046.7142857142858,60.48980085092918,18674.668605715975,0.06324141668944788,569.4112277011836,0.006303466906798727,0.9346019611101878,0.4028654485049834,0.9467004520124587,0.8483918957285352,0.9235416884065533,0.9713503121699598,0.13922446901592853,0.02956440256694578,0.12388973285841749,0.532643382928077,tech and telecom
57,13285958344,Purus Gravida Sagittis Inc.,"((gift, card, novElty, and souvenir shOps), (a), (take rate: 5.65))","gift, card, novelty, and souvenir shops",2210.0,1390.0,13998.0,831.8196906988126,2173.529365913523,996.2380952380952,36.16676233149802,11607.879135239195,0.06276920162659708,411.37421032308214,0.0054029716343989564,0.94224696692704,0.4187292358803987,0.945024628229774,0.9268074440338057,0.9272287731747191,0.9848648985435074,0.08653973160787942,0.01727580262622442,0.0895048052134908,0.5343625257871238,leisure goods and services
57,13285958344,Purus Gravida Sagittis Inc.,"((gift, card, novElty, and souvenir shOps), (a), (take rate: 5.65))","gift, card, novelty, and souvenir shops",2210.0,1390.0,13998.0,831.8196906988126,2173.529365913523,996.2380952380952,36.16676233149802,11607.879135239195,0.06276920162659708,411.37421032308214,0.0054029716343989564,0.94224696692704,0.4187292358803987,0.945024628229774,0.9268074440338057,0.9272287731747191,0.9848648985435074,0.08653973160787942,0.01727580262622442,0.0895048052134908,0.5343625257871238,gifts souvenirs
58,74046727484,Vestibulum Accumsan Neque Ltd,"[[gift, card, novelty, anD souvenir shops], [b], [take rate: 5.10]]","gift, card, novelty, and souvenir shops",2202.0,1812.0,14930.0,800.1303341461196,3142.275671820787,1107.8095238095239,52.07467782145784,18210.87064790934,0.0630398910510414,613.3155296946112,0.00900495272399815,0.924713312281868,0.3800249169435216,0.9534972319562107,0.8941853781330026,0.9190789244843299,0.9760259988418765,0.13576673566763572,0.024320037990294745,0.13344221791787167,0.535005970694061,leisure goods and services
58,74046727484,Vestibulum Accumsan Neque Ltd,"[[gift, card, novelty, anD souvenir shops], [b], [take rate: 5.10]]","gift, card, novelty, and souvenir shops",2202.0,1812.0,14930.0,800.1303341461196,3142.275671820787,1107.8095238095239,52.07467782145784,18210.87064790934,0.0630398910510414,613.3155296946112,0.00900495272399815,0.924713312281868,0.3800249169435216,0.9534972319562107,0.8941853781330026,0.9190789244843299,0.9760259988418765,0.13576673566763572,0.024320037990294745,0.13344221791787167,0.535005970694061,gifts souvenirs
59,71538439295,Morbi Metus Limited,"[[music shops - musical instruments, pianos, and Sheet music], [b], [take rate: 3.71]]","music shops - musical instruments, pianos, and sheet music",2208.0,1530.0,14279.0,824.8327948395785,1490.1819779718767,1030.3333333333333,36.51146523102777,12114.897182240093,0.06277757491093179,424.4550989345152,0.006303466906798727,0.9364301146750873,0.4070598006644518,0.9468926749916178,0.9498188386441795,0.9247382517652788,0.9846733716047499,0.0903196818637885,0.017493703217446612,0.09235088150560004,0.5356080785838999,leisure goods and services
60,15560455575,Morbi Accumsan Laoreet Industries,"[[digital goods: books, movies, music], [b], [take rate: 4.08]]","digital goods: books, movies, music",2216.0,3024.0,16886.0,816.0184762658,4992.904882094397,1392.3809523809523,82.23190283204565,35707.50913117435,0.06369164801767138,1083.42808098942,0.0027014858171994227,0.8743559913578195,0.29879568106312293,0.9492493094114431,0.8318663295984569,0.8982921145083307,0.9592697690695762,0.2662086864099707,0.04128091292118288,0.23572702643567517,0.5357747306592778,leisure goods and services
61,89640578182,Magnis Foundation,"[[tent and awning shops], [a], [take rate: 6.22]]",tent and awning shops,2203.0,1031.0,12864.0,821.5662858946662,1571.6329474145305,871.6666666666666,27.171610354427536,7331.5772581597375,0.0625114925337011,239.25745726855638,0.00855470508779832,0.9571630380588333,0.46582225913621267,0.9477660229819149,0.9470760164247398,0.9363282201120039,0.9898628661387234,0.05465879863078899,0.010569358480698664,0.05205647697719971,0.5369857762028913,leisure goods and services
62,37459245212,Aliquet Phasellus Consulting,"[[computers, computer peripheral equipment, and software], [b], [take rate: 4.08]]","computers, computer peripheral equipment, and software",2207.0,1827.0,14931.0,822.5883592676007,2909.6180912001637,1107.5238095238096,60.30973194488597,20808.14238562846,0.06322976459740652,619.6413114931502,0.006753714542998668,0.9240900781120159,0.3799833887043189,0.947492757014718,0.9020200102560323,0.9190997947754704,0.9714503636821081,0.15513006608107835,0.029261176539583763,0.13481855083688624,0.5370099900545212,tech and telecom
63,94455880010,Nunc Sit LLC,"[[computer programming , datA procEssing, and integrated systemS design services], [a], [take rate: 6.33]]","computer programming , data processing, and integrated systems design services",2212.0,2383.0,16024.0,809.8426007352529,8153.219454521917,1245.952380952381,96.56444149568114,37086.86353425044,0.06399969502532504,1236.3092012694376,0.004502476361999075,0.9009888648828319,0.33459302325581397,0.9509005182628163,0.7254442564299346,0.9089881387178684,0.9513061944706555,0.2764921290995117,0.04929731633097452,0.26899015899990786,0.5371503076812314,tech and telecom
64,67400260923,Eleifend PC,"[(computer programming , data Processing, and integrated sYStems design services), (a), (take rate: 5.97)]","computer programming , data processing, and integrated systems design services",2219.0,4933.0,19021.0,821.2318986124046,16003.66820324474,1784.7619047619048,140.18307238777615,77747.42318792838,0.06485413028417644,2338.8524730071517,0.0013507429085997114,0.7950390560079774,0.21013289036544847,0.9478554262151124,0.4610841707500537,0.8696302480086264,0.9270704167648322,0.5796270841123725,0.07153255170843835,0.5088761759158105,0.5372198762757272,tech and telecom
65,66079287213,Hendrerit Corporation,"((gift, card, novelty, and souvenir shops), (a), (take rate: 6.02))","gift, card, novelty, and souvenir shops",2219.0,1333.0,13797.0,812.7398323473337,3251.300531997663,977.8095238095239,51.712844223193656,15422.918216244827,0.06307660290352606,540.4090061944736,0.0013507429085997114,0.9446152567724779,0.4270764119601329,0.9501259018608691,0.8905140184056641,0.9285749069532854,0.9762270440942074,0.11498183152099117,0.025275401983859924,0.11757957018517189,0.537632108664526,leisure goods and services
65,66079287213,Hendrerit Corporation,"((gift, card, novelty, and souvenir shops), (a), (take rate: 6.02))","gift, card, novelty, and souvenir shops",2219.0,1333.0,13797.0,812.7398323473337,3251.300531997663,977.8095238095239,51.712844223193656,15422.918216244827,0.06307660290352606,540.4090061944736,0.0013507429085997114,0.9446152567724779,0.4270764119601329,0.9501259018608691,0.8905140184056641,0.9285749069532854,0.9762270440942074,0.11498183152099117,0.025275401983859924,0.11757957018517189,0.537632108664526,gifts souvenirs
66,71094934182,Nonummy Ipsum Non LLC,"[[tent And awning shops], [c], [take rate: 1.86]]",tent and awning shops,2208.0,1210.0,13374.0,813.7370090112951,478.2819113878865,932.047619047619,25.8568584973915,7422.990305561265,0.06257304962242038,243.6754469163845,0.006303466906798727,0.9497257769652651,0.4446428571428571,0.9498592923856989,0.9838940866795406,0.9319176319176319,0.9905933804417576,0.05534030646658052,0.012171277810039901,0.053017721734262904,0.5377465798450434,leisure goods and services
67,16644129035,Magna Associates,"[(artist supply anD craft shops), (b), (take rate: 5.03)]",artist supply and craft shops,2201.0,1065.0,13107.0,822.8731985649076,1648.358744937808,898.2380952380952,34.178313406645586,9384.112424322802,0.06277892199196852,314.236666982824,0.00945520036019809,0.9557503739405019,0.45573089700996683,0.9474166011455452,0.9444923120969572,0.9343872830359317,0.9859697384969054,0.06996097746346217,0.01752875872763765,0.06837008972231166,0.5389062231999417,leisure goods and services
68,21772962346,Purus Gravida Sagittis Ltd,"((florists supplies, nursery stock, and flowers), (a), (take rate: 6.63))","florists supplies, nursery stock, and flowers",2216.0,3885.0,18183.0,813.5349731706681,16282.647864332654,1597.095238095238,143.35486442452284,70432.51516946241,0.06492346430531518,2271.7124512443133,0.0027014858171994227,0.8385823500083098,0.24493355481727574,0.9499133095637796,0.451689664847427,0.8833385509061185,0.9253080770223983,0.5250925589610366,0.07333685257701232,0.49426817565932185,0.5389164580179879,home furnishings
68,21772962346,Purus Gravida Sagittis Ltd,"((florists supplies, nursery stock, and flowers), (a), (take rate: 6.63))","florists supplies, nursery stock, and flowers",2216.0,3885.0,18183.0,813.5349731706681,16282.647864332654,1597.095238095238,143.35486442452284,70432.51516946241,0.06492346430531518,2271.7124512443133,0.0027014858171994227,0.8385823500083098,0.24493355481727574,0.9499133095637796,0.451689664847427,0.8833385509061185,0.9253080770223983,0.5250925589610366,0.07333685257701232,0.49426817565932185,0.5389164580179879,gifts souvenirs
69,41974958954,Sed Libero Proin Incorporated,"[(cable, satellite, and oTher pay television and radio services), (a), (take rate: 5.51)]","cable, satellite, and other pay television and radio services",2204.0,1363.0,13904.0,820.5825457853979,3246.36049415483,989.6666666666666,55.72642705039563,16997.541361615316,0.06314313254859698,585.4925159181139,0.00810445745159838,0.9433687884327738,0.4226328903654485,0.9480290400015812,0.8906803718039467,0.9277087898709521,0.9739969809488369,0.12672105302703154,0.027006723698883357,0.12738862154253777,0.5395637717143591,tech and telecom
70,11121775571,Egestas Nunc Associates,"[[digital goods: books, movies, music], [a], [take rate: 6.58]]","digital goods: books, movies, music",2207.0,1161.0,13240.0,806.1041759519081,3203.0189184863916,923.5238095238095,49.3522509121496,14177.506048183714,0.06304338953285354,474.168031833247,0.006753714542998668,0.9517616752534486,0.4502076411960133,0.9519000397172107,0.8921398785180149,0.932540262269992,0.9775386582730624,0.10569696272545,0.02441108007423392,0.10316718030128239,0.5396117092871706,leisure goods and services
71,84703983173,Amet Consulting,"((computer programming , data processing, and integratEd systems design services), (c), (take rate: 2.31))","computer programming , data processing, and integrated systems design services",2219.0,6091.0,19695.0,817.0033593938159,4674.002497861588,1981.904761904762,95.36921436278466,59129.82610655601,0.06398092025060838,1772.5858143711791,0.0013507429085997114,0.7469253780953964,0.18214285714285716,0.9489859867893301,0.8426052140008318,0.855229747121639,0.9519702973667896,0.4408280980241698,0.04880873450963783,0.3856706231411202,0.5404517679100371,tech and telecom
72,17158952809,Arcu Vestibulum Corp.,"((hobby, toy and game shops), (a), (take rate: 6.19))","hobby, toy and game shops",2209.0,1230.0,13678.0,820.1018352495258,3740.8784775789118,957.7142857142857,59.06676781114341,18370.017311126136,0.0632101762215896,633.6725477708756,0.005853219270598786,0.948894798072129,0.43201827242524915,0.9481575648541068,0.874027716566945,0.9300427840968382,0.9721409906418634,0.13695321507189318,0.028751422122921526,0.13787139916433963,0.5414711382286885,leisure goods and services
73,32560075533,Malesuada Vel Convallis Consulting,"[[digital goods: books, movies, music], [a], [take rate: 6.11]]","digital goods: books, movies, music",2192.0,1387.0,13943.0,813.3985652886169,4250.769604360162,991.7619047619048,65.6592968006504,21043.58159698813,0.06335703206334756,678.0622991619381,0.013507429085997336,0.9423716137610105,0.4210132890365449,0.9499497801663891,0.8568573781216133,0.9275557410692545,0.9684779901340267,0.15688532610090253,0.032573097521047444,0.1475295059489433,0.5416721150945729,leisure goods and services
74,56945597985,Sem LLP,"[(caBle, satellite, and other pay television and  radio services), (a), (take rate: 6.53)]","cable, satellite, and other pay television and  radio services",2192.0,822.0,12125.0,831.145200807334,2126.622220392868,800.5238095238095,38.1010890340474,9601.74645505622,0.06273428796377699,354.00762872376106,0.013507429085997336,0.9658467674921057,0.4965116279069768,0.9452049627707572,0.9283870195976683,0.9415249226060037,0.9837901304681546,0.07158349527132207,0.016367233483446243,0.07702326265938053,0.5439746851341812,tech and telecom
75,14430838529,Magna A Neque LLC,"((cable, satellite, and other pay television and radio services), (c), (take rate: 2.03))","cable, satellite, and other pay television and radio services",2200.0,1518.0,14395.0,825.6950063747745,1245.1038968476546,1045.2857142857142,54.930051912388556,17805.926303822824,0.06311445709740135,593.8891935184678,0.009905447996398031,0.9369287020109689,0.40224252491694357,0.9466621503782848,0.9580717251476166,0.9236460398622561,0.974439470096718,0.13274777118281522,0.02626049348391436,0.12921552992473778,0.5440119855000654,tech and telecom
76,35016722348,Lacus PC,"((tent and awning shops), (a), (take rate: 6.09))",tent and awning shops,2200.0,826.0,12150.0,807.3558410528926,2024.0126069787482,806.8571428571429,38.59116568305165,9590.931553500026,0.0628255940820985,332.8529694712163,0.009905447996398031,0.9656805717134784,0.49547342192691035,0.9515653891104299,0.9318423489758965,0.9410622978190546,0.9835178296535447,0.07150286739200538,0.01874332109365371,0.07242053451492604,0.5441714030196299,leisure goods and services
77,89502033586,Adipiscing Enim LLC,"([digital goods: books, movies, music], [a], [take rate: 5.98])","digital goods: books, movies, music",2194.0,1158.0,13423.0,813.2439699925895,3922.8910418084142,932.0952380952381,65.87197800645438,18949.973330818706,0.06341485405323381,649.9878561935996,0.012606933813597454,0.951886322087419,0.4426079734219269,0.9499911134348331,0.8678985310114882,0.9319141535357751,0.9683598182812965,0.14127693671852926,0.03407781720787609,0.14142120482966575,0.5442040804342407,leisure goods and services
78,42355028515,Eu Inc.,"[[lawn and garden supply outlets, including nurseries], [a], [take rate: 5.97]]","lawn and garden supply outlets, including nurseries",2213.0,4294.0,18225.0,814.7814748885254,15634.71558415685,1640.3333333333333,148.94663034883393,75995.28928550861,0.06507412329913063,2327.5603853903062,0.004052228725799134,0.8215888316436762,0.24318936877076414,0.9495800394614926,0.47350847273785535,0.8801801801801802,0.9222011295287951,0.5665644741480633,0.07725749858794806,0.5064192982670982,0.5444541522051672,home furnishings
79,15061716544,Tempus Scelerisque Lorem Incorporated,"[[digital goods: books, movies, music], [a], [take rate: 5.73]]","digital goods: books, movies, music",2198.0,935.0,12650.0,809.7982190342263,2585.981477700741,852.8095238095239,49.545507313703745,12985.220526915651,0.06304733273309364,457.7653687522124,0.010805943268797802,0.9611517367458866,0.4747093023255814,0.9509123843467766,0.9129183175518761,0.9377056593272809,0.9774312794055349,0.096808166778457,0.024513695204603,0.09959836843313562,0.544655485338793,leisure goods and services
80,52065114842,Gravida Non PC,"((digital goods: books, movies, music), (b), (take rate: 3.98))","digital goods: books, movies, music",2207.0,1428.0,14027.0,811.4887601162694,2784.619147470164,1004.1428571428571,65.21771244120184,20624.818724295077,0.0633193477187402,671.5349128230938,0.006753714542998668,0.9406681070300814,0.41752491694352156,0.9504603939553783,0.9062292895637576,0.9266513617864969,0.96872334722468,0.1537633409227329,0.03159242606149608,0.14610930889197996,0.5448476206923124,leisure goods and services
81,40555823280,Nibh Donec Incorporated,"((gift, card, novelty, and souvenir shops), (a), (take rate: 6.04))","gift, card, novelty, and souvenir shops",2207.0,981.0,12760.0,800.1773537979938,2888.2374670087765,864.2857142857143,51.79746661647421,14552.508299593628,0.06309270944489304,515.534320278506,0.006753714542998668,0.9592404852916736,0.4701411960132891,0.9534846605782775,0.9027399924919578,0.9368673692998017,0.976180025435654,0.10849270118992495,0.025694547536084803,0.11216745668416539,0.5451762149063828,leisure goods and services
81,40555823280,Nibh Donec Incorporated,"((gift, card, novelty, and souvenir shops), (a), (take rate: 6.04))","gift, card, novelty, and souvenir shops",2207.0,981.0,12760.0,800.1773537979938,2888.2374670087765,864.2857142857143,51.79746661647421,14552.508299593628,0.06309270944489304,515.534320278506,0.006753714542998668,0.9592404852916736,0.4701411960132891,0.9534846605782775,0.9027399924919578,0.9368673692998017,0.976180025435654,0.10849270118992495,0.025694547536084803,0.11216745668416539,0.5451762149063828,gifts souvenirs
82,51279178333,Neque LLC,"[(music shops - musical instruments, pianos, and sheet muSiC), (c), (take rate: 1.83)]","music shops - musical instruments, pianos, and sheet music",2205.0,951.0,12802.0,821.4584139228848,618.31902641134,865.5714285714286,36.55674299731527,10020.715429080083,0.06281028530537966,359.48249778467647,0.007654209815398438,0.9604869536313778,0.46839700996677736,0.9477948640998648,0.9791784041866148,0.9367734529896692,0.9846482139632486,0.07470701698804837,0.018344936019819222,0.07821445811249789,0.5456199519773317,leisure goods and services
83,76314317957,Semper Corp.,"([florists supplies, nursery stock, and flOwers], [a], [take rate: 5.93])","florists supplies, nursery stock, and flowers",2210.0,3853.0,17971.0,811.4318624752241,14073.673302413852,1568.7619047619048,141.0419399637014,69275.26150169742,0.06488707640830682,2210.655450980227,0.0054029716343989564,0.8399119162373276,0.25373754152823924,0.9504756063553128,0.526075820740558,0.8854081881108908,0.9265932050040973,0.5164649345135537,0.07238991897790108,0.48098368971338684,0.5457443792815667,home furnishings
83,76314317957,Semper Corp.,"([florists supplies, nursery stock, and flOwers], [a], [take rate: 5.93])","florists supplies, nursery stock, and flowers",2210.0,3853.0,17971.0,811.4318624752241,14073.673302413852,1568.7619047619048,141.0419399637014,69275.26150169742,0.06488707640830682,2210.655450980227,0.0054029716343989564,0.8399119162373276,0.25373754152823924,0.9504756063553128,0.526075820740558,0.8854081881108908,0.9265932050040973,0.5164649345135537,0.07238991897790108,0.48098368971338684,0.5457443792815667,gifts souvenirs
84,70610974780,Elit Aliquam PC,"([tent and awning shOps], [a], [take rate: 6.93])",tent and awning shops,2195.0,735.0,11669.0,809.3794406639427,2181.507691959599,761.7619047619048,38.71541655457865,9056.114246742232,0.06283490551911472,315.9851791859993,0.012156686177397513,0.9694615256772477,0.5154485049833887,0.9510243507470636,0.9265387777416442,0.9443563254374066,0.9834487922619417,0.067515666487616,0.018985635524868257,0.06875052252590358,0.5457686787564479,leisure goods and services
85,61845622676,Turpis In Incorporated,"[[gift, card, novelty, and souvenir shops], [c], [take rate: 2.48]]","gift, card, novelty, and souvenir shops",2214.0,1191.0,13362.0,800.9325727228913,1257.5775748394276,925.8571428571429,51.27858577884543,14792.880302357002,0.06303307736474435,508.5909555583153,0.0036019810895993043,0.9505152069137444,0.44514119601328905,0.9532827419729968,0.9576516800408723,0.9323698215590107,0.9764683306937372,0.11028473644139831,0.02414272330549747,0.11065675306879093,0.5464115171098937,leisure goods and services
85,61845622676,Turpis In Incorporated,"[[gift, card, novelty, and souvenir shops], [c], [take rate: 2.48]]","gift, card, novelty, and souvenir shops",2214.0,1191.0,13362.0,800.9325727228913,1257.5775748394276,925.8571428571429,51.27858577884543,14792.880302357002,0.06303307736474435,508.5909555583153,0.0036019810895993043,0.9505152069137444,0.44514119601328905,0.9532827419729968,0.9576516800408723,0.9323698215590107,0.9764683306937372,0.11028473644139831,0.02414272330549747,0.11065675306879093,0.5464115171098937,gifts souvenirs
86,36196225600,Leo Elementum Sem Associates,"[[artist supply and craft shops], [b], [take rate: 4.93]]",artist supply and craft shops,2191.0,835.0,12282.0,800.22263187127,2009.3720857531794,818.1904761904761,46.662480229066965,11684.711795434338,0.06300134108895518,392.9345374664809,0.013957676722197165,0.9653066312115672,0.4899916943521595,0.9534725548363472,0.9323353614863238,0.9402344429371456,0.9790331729568473,0.08711253889804338,0.023316840296965034,0.08549279063937741,0.5470253704336975,leisure goods and services
87,80109801322,In Faucibus LLP,"[(cable, satellite, and other pay television and radio services), (b), (take rate: 3.71)]","cable, satellite, and other pay television and radio services",2204.0,999.0,12839.0,823.0716156258559,1924.8924796953957,876.3809523809524,55.41941934203939,15446.49093425346,0.06317461341043124,522.6000411940458,0.00810445745159838,0.9584926042878511,0.4668604651162791,0.9473635515000851,0.9351801715870549,0.9359838603081846,0.9741675633449718,0.11515757221108351,0.02782595999036213,0.11370478196700604,0.5482840987764476,tech and telecom
88,17739089622,Auctor Quis Corp.,"((cable, satellite, and other pay television and radio services), (b), (take rate: 5.01))","cable, satellite, and other pay television and radio services",2196.0,983.0,12478.0,814.7230294710437,2531.961927670995,847.5238095238095,55.82105461755022,15036.377837062297,0.06315029211890148,527.0964818743596,0.011706438541197683,0.95915738740236,0.4818521594684385,0.949595665681644,0.9147373999166359,0.9380917597133813,0.9739444031251984,0.11210007333929946,0.027193039431143946,0.11468309571917204,0.5483061422338471,tech and telecom
89,68004106739,Nec Ante Ltd,"((cable, satellite, and other pay television and radio services), (a), (take rate: 5.61))","cable, satellite, and other pay television and radio services",2189.0,1094.0,13260.0,805.6859868469805,4049.5348325535597,917.047619047619,73.65260298323759,21261.95857816341,0.06357389807041555,735.3784937362982,0.014858171994597047,0.9545454545454546,0.4493770764119601,0.9520118485689579,0.8636338622716715,0.9330133222025114,0.9640366771488712,0.1585133827958483,0.03821666929851577,0.1600000855385768,0.5488206550776966,tech and telecom
90,75089928159,Porttitor Vulputate Limited,"[(gift, card, novelty, and souvenir shops), (c), (take rate: 1.67)]","gift, card, novelty, and souvenir shops",2202.0,1162.0,13087.0,806.4672204464885,845.8377908370304,909.952380952381,52.11520165496097,14512.091864360742,0.06305884681665054,504.91805357162946,0.00900495272399815,0.9517201263087918,0.4565614617940199,0.951802974567512,0.9715168192272656,0.9335316010991687,0.9760034826234514,0.10819138624540739,0.02481332979410678,0.10985762087081387,0.5493003755254535,leisure goods and services
90,75089928159,Porttitor Vulputate Limited,"[(gift, card, novelty, and souvenir shops), (c), (take rate: 1.67)]","gift, card, novelty, and souvenir shops",2202.0,1162.0,13087.0,806.4672204464885,845.8377908370304,909.952380952381,52.11520165496097,14512.091864360742,0.06305884681665054,504.91805357162946,0.00900495272399815,0.9517201263087918,0.4565614617940199,0.951802974567512,0.9715168192272656,0.9335316010991687,0.9760034826234514,0.10819138624540739,0.02481332979410678,0.10985762087081387,0.5493003755254535,gifts souvenirs
91,90599617648,Mollis Integer Company,"((digital Goods: books, movies, music), (b), (take rate: 3.96))","digital goods: books, movies, music",2194.0,648.0,11556.0,813.197875519946,1103.5221499665568,746.3333333333334,34.97591807661472,8270.414001494773,0.06271884642148409,317.0369624622914,0.012606933813597454,0.9730762838623899,0.520141196013289,0.950003437452837,0.9628394223754068,0.9454833211589968,0.9855265661853692,0.061658068596064645,0.0159653934096469,0.06897936442923387,0.5496279987296832,leisure goods and services
92,89518629617,Vulputate Velit Eu Limited,"([tent  and awning shops], [c], [take rate: 3.09])",tent  and awning shops,2200.0,522.0,10512.0,818.9539273877131,433.55973818416504,664.047619047619,19.807031309178125,3986.976769504228,0.062368510271268225,152.3013015485416,0.009905447996398031,0.9783114508891474,0.5634966777408638,0.9484644744756836,0.9854000843515653,0.9514939650074785,0.9939548400725035,0.029723939708529386,0.00684848644614446,0.03313697841718705,0.5500736345105501,leisure goods and services
93,31585975447,Dolor Dapibus Gravida Associates,"([digital goods: books, movies, music], [b], [take rate: 3.12])","digital goods: books, movies, music",2200.0,1137.0,13380.0,821.0448727479022,2032.1898715398456,925.2380952380952,65.8875078541486,19308.760224997463,0.06337716594029136,628.7326784818594,0.009905447996398031,0.9527588499252119,0.4443936877076412,0.9479054302609153,0.9315669835249277,0.9324150405231486,0.9683511894470387,0.14395178551432647,0.03309704768376441,0.13679660636644825,0.5501142068949821,leisure goods and services
94,40279146273,Pellentesque Habitant Morbi Corp.,"([dIgital goods: books, movies, music], [a], [take rate: 6.00])","digital goods: books, movies, music",2190.0,883.0,12222.0,798.8672732257505,3436.725860082075,816.5238095238095,65.6577922673188,17404.09400715979,0.06335777379504533,603.7916875964388,0.014407924358397106,0.9633122818680405,0.49248338870431896,0.9538349293986578,0.8842699096688751,0.9403561863021322,0.9684788260964269,0.1297520078138611,0.032592399836484445,0.1313700665518162,0.5510857920599012,leisure goods and services
95,35014882568,Faucibus Corporation,"((digital goods: books, movies, music), (a), (take rate: 6.91))","digital goods: books, movies, music",2168.0,673.0,11430.0,835.5598957874236,3585.5184019088697,735.8571428571429,65.99492289776484,14684.164940283059,0.06340656542630198,513.5904788567005,0.024313372354795137,0.9720375602459698,0.525373754152824,0.9440246307852468,0.8792593923895593,0.9462485651674841,0.9682915065302184,0.10947423538897341,0.03386211968266735,0.11174452509667483,0.5514629661794413,leisure goods and services
96,87639550697,Mauris Consulting,"[[digital gooDs: books, movies, music], [b], [take rate: 3.27]]","digital goods: books, movies, music",2195.0,729.0,12062.0,807.286054869261,1365.756751565012,788.9047619047619,49.568275787684165,12490.835890114924,0.06307100274751079,452.7809654075866,0.012156686177397513,0.9697108193451887,0.49912790697674414,0.951584047446976,0.9540087982969966,0.9423736477790532,0.977418628580353,0.09312240185263945,0.025129667376281438,0.09851388613144776,0.5523146489963079,leisure goods and services
97,13839274306,Sit Amet Consectetuer PC,"([computErs, computer peripheral equipment, and software], [a], [take rate: 6.00])","computers, computer peripheral equipment, and software",2187.0,674.0,11459.0,809.7360562067988,2869.51788420426,743.8095238095239,60.19436480737734,14233.1414485811,0.0632652491479432,498.8403705998644,0.015758667266996818,0.971996011301313,0.5241694352159468,0.9509290044697644,0.9033703654390965,0.9456676753974051,0.9715144650131685,0.10611173897890618,0.03018460207156275,0.10853526809106633,0.5528237233245227,tech and telecom
98,54874856789,Euismod Urna Incorporated,"[[Hobby, toy and game shops], [a], [take rate: 6.28]]","hobby, toy and game shops",2193.0,565.0,10806.0,827.6073899443104,2705.696420459834,682.2380952380952,59.10768879598492,12385.82839138454,0.06320928305257192,440.82604143130334,0.013057181449797395,0.9765248462689048,0.5512873754152824,0.9461508472178473,0.9088869744353307,0.9501652231381961,0.9721182537546242,0.09233954387737377,0.028728178906850838,0.09591279176289472,0.5535171216227103,leisure goods and services
99,13565102775,Malesuada LLP,"[(gIft, card, novelty, and souvenir shops), (c), (take rate: 2.31)]","gift, card, novelty, and souvenir shops",2193.0,816.0,11968.0,807.8682646788384,1022.7555447126668,790.0,52.47257805207078,13113.72087805467,0.063086559794437,448.34350972218823,0.013057181449797395,0.9660960611600465,0.503031561461794,0.9514283853086807,0.9655591989599575,0.9422936449963477,0.975804913921488,0.0977661700251767,0.02553451326319812,0.09754840604835467,0.5538120036594841,leisure goods and services
99,13565102775,Malesuada LLP,"[(gIft, card, novelty, and souvenir shops), (c), (take rate: 2.31)]","gift, card, novelty, and souvenir shops",2193.0,816.0,11968.0,807.8682646788384,1022.7555447126668,790.0,52.47257805207078,13113.72087805467,0.063086559794437,448.34350972218823,0.013057181449797395,0.9660960611600465,0.503031561461794,0.9514283853086807,0.9655591989599575,0.9422936449963477,0.975804913921488,0.0977661700251767,0.02553451326319812,0.09754840604835467,0.5538120036594841,gifts souvenirs
100,46987545043,Lobortis Nisi Nibh PC,"[[cable, satellite, and other pay television and radio services], [b], [take rate: 4.10]]","cable, satellite, and other pay television and radio services",2189.0,659.0,11519.0,823.9187891163498,1811.5427776953843,741.7619047619048,55.75731922497368,12892.483613812716,0.06318448036369177,464.40887036793805,0.014858171994597047,0.9726192454711651,0.5216777408637874,0.9471370475235666,0.9389971682826116,0.9458172458172458,0.9739798163597471,0.09611678918255254,0.02808273079415762,0.10104382928879799,0.554032978557823,tech and telecom
